budget,variant,metric,n_benchmarks,full_mean,ablated_mean,mean_difference_full_minus_ablated,ci95_low,ci95_high,sign_flip_pvalue
2,policy_active_no_boundary,attack_recall,30,0.9123573124856531,0.9218609146146949,-0.009503602129041718,-0.015932448783484154,-0.002467862128349261,0.011799410029498525
2,policy_active_no_boundary,balanced_accuracy,30,0.9537151322531137,0.9513915178407419,0.002323614412371796,-0.0006541658950316775,0.005435544086294627,0.15499225038748063
2,policy_active_no_boundary,effect_mae,30,0.036076817558298994,0.035763888888888845,0.0003129286694101533,-0.00014574759945129695,0.0008058984910836798,0.22108894555272238
2,policy_active_no_boundary,false_positive_rate,30,0.004927047979425743,0.019077878933211053,-0.014150830953785304,-0.016789342338524513,-0.011506487724044537,4.999750012499375e-05
2,policy_active_no_boundary,policy_exact_match,30,0.9467078189300413,0.938991769547325,0.007716049382716013,0.004475308641975277,0.011111111111111082,0.000199990000499975
2,policy_active_no_boundary,shifted_attack_recall,30,0.9024539792400861,0.9119061209909317,-0.009452141750845917,-0.018033613803057943,-0.00059629572109033,0.04629768511574421
2,policy_active_no_boundary,posterior_reduction_ratio,30,0.7043608124253286,0.7002289924332935,0.004131819992035105,-0.010991636798088341,0.020221027479092053,0.6163691815409229
2,policy_active_no_boundary,information_gain_bits,30,3.0124931061746083,2.9246500318506614,0.08784307432394733,-0.04208554891269,0.22726998881736915,0.22668866556672165
2,policy_active_no_novelty,attack_recall,30,0.9123573124856531,0.9123573124856531,0.0,0.0,0.0,1.0
2,policy_active_no_novelty,balanced_accuracy,30,0.9537151322531137,0.9537151322531137,0.0,0.0,0.0,1.0
2,policy_active_no_novelty,effect_mae,30,0.036076817558298994,0.036076817558298994,0.0,0.0,0.0,1.0
2,policy_active_no_novelty,false_positive_rate,30,0.004927047979425743,0.004927047979425743,0.0,0.0,0.0,1.0
2,policy_active_no_novelty,policy_exact_match,30,0.9467078189300413,0.9467078189300413,0.0,0.0,0.0,1.0
2,policy_active_no_novelty,shifted_attack_recall,30,0.9024539792400861,0.9024539792400861,0.0,0.0,0.0,1.0
2,policy_active_no_novelty,posterior_reduction_ratio,30,0.7043608124253286,0.7043608124253286,0.0,0.0,0.0,1.0
2,policy_active_no_novelty,information_gain_bits,30,3.0124931061746083,3.0124931061746083,0.0,0.0,0.0,1.0
2,policy_active_no_outcome,attack_recall,30,0.9123573124856531,0.9307057215902373,-0.018348409104584264,-0.0261323159877743,-0.0110771941298628,9.99950002499875e-05
2,policy_active_no_outcome,balanced_accuracy,30,0.9537151322531137,0.954351089266754,-0.0006359570136402759,-0.0036497741824366397,0.0021906245577288227,0.6749662516874156
2,policy_active_no_outcome,effect_mae,30,0.036076817558298994,0.03705418381344302,-0.0009773662551440159,-0.0013203017832647353,-0.0006172839506172721,4.999750012499375e-05
2,policy_active_no_outcome,false_positive_rate,30,0.004927047979425743,0.022003543056729524,-0.017076495077303785,-0.019455572379443953,-0.014733450358889524,4.999750012499375e-05
2,policy_active_no_outcome,policy_exact_match,30,0.9467078189300413,0.9401234567901233,0.006584362139917699,0.003858024691358027,0.009207818930041144,0.00024998750062496874
2,policy_active_no_outcome,shifted_attack_recall,30,0.9024539792400861,0.9237455111316412,-0.021291531891555117,-0.03042824093929417,-0.012848902527387521,9.99950002499875e-05
2,policy_active_no_outcome,posterior_reduction_ratio,30,0.7043608124253286,0.6388291517323773,0.06553166069295115,0.04453405017921161,0.08572281959378743,4.999750012499375e-05
2,policy_active_no_outcome,information_gain_bits,30,3.0124931061746083,2.6452819245140415,0.3672111816605689,0.19585572432259604,0.5358727379172704,0.000599970001499925
2,policy_active_no_policy,attack_recall,30,0.9123573124856531,0.8892862760598008,0.02307103642585233,0.01887506399930782,0.02714265401959834,4.999750012499375e-05
2,policy_active_no_policy,balanced_accuracy,30,0.9537151322531137,0.9428692045368947,0.01084592771621897,0.008946379160214344,0.012720179205563549,4.999750012499375e-05
2,policy_active_no_policy,effect_mae,30,0.036076817558298994,0.03489368998628254,0.0011831275720164602,0.0008744855967078208,0.0014917695473251,4.999750012499375e-05
2,policy_active_no_policy,false_positive_rate,30,0.004927047979425743,0.0035478669860113136,0.0013791809934144302,0.0007684469024675133,0.0020647364927378004,0.0009499525023748813
2,policy_active_no_policy,policy_exact_match,30,0.9467078189300413,0.9344650205761317,0.012242798353909434,0.010133744855967068,0.014300411522633701,4.999750012499375e-05
2,policy_active_no_policy,shifted_attack_recall,30,0.9024539792400861,0.878692515181942,0.023761464058143996,0.01898255050438019,0.028421703766788608,4.999750012499375e-05
2,policy_active_no_policy,posterior_reduction_ratio,30,0.7043608124253286,0.6276881720430108,0.07667264038231787,0.06717443249701323,0.08617084826762253,4.999750012499375e-05
2,policy_active_no_policy,information_gain_bits,30,3.0124931061746083,2.3136973302290524,0.6987957759455573,0.6160530047033901,0.7816992514180895,4.999750012499375e-05
5,policy_active_no_boundary,attack_recall,30,0.9742395892833556,0.9535451878949448,0.02069440138841082,0.014966917166911222,0.026832147929879188,4.999750012499375e-05
5,policy_active_no_boundary,balanced_accuracy,30,0.9871197946416779,0.9755652189429592,0.011554575698718702,0.008648845872241191,0.014650028467920637,4.999750012499375e-05
5,policy_active_no_boundary,effect_mae,30,0.021450617283950552,0.024601337448559628,-0.0031507201646090773,-0.003768004115226381,-0.002559156378600864,4.999750012499375e-05
5,policy_active_no_boundary,false_positive_rate,30,0.0,0.0024147500090266425,-0.0024147500090266425,-0.0031035593883629586,-0.001746593391402007,4.999750012499375e-05
5,policy_active_no_boundary,policy_exact_match,30,0.9888888888888888,0.974074074074074,0.014814814814814751,0.011265432098765365,0.018672839506172774,4.999750012499375e-05
5,policy_active_no_boundary,shifted_attack_recall,30,0.9718192179684115,0.947496976815518,0.024322241152893446,0.016308476576239198,0.03243472882480983,4.999750012499375e-05
5,policy_active_no_boundary,posterior_reduction_ratio,30,0.9324074074074074,0.9196286340103543,0.012778773397052889,0.007307721027479019,0.018772650338510496,9.99950002499875e-05
5,policy_active_no_boundary,information_gain_bits,30,6.075308227480605,5.68662435498704,0.3886838724935628,0.2695548140181337,0.518769643701488,4.999750012499375e-05
5,policy_active_no_novelty,attack_recall,30,0.9742395892833556,0.9742395892833556,0.0,0.0,0.0,1.0
5,policy_active_no_novelty,balanced_accuracy,30,0.9871197946416779,0.9871197946416779,0.0,0.0,0.0,1.0
5,policy_active_no_novelty,effect_mae,30,0.021450617283950552,0.021450617283950552,0.0,0.0,0.0,1.0
5,policy_active_no_novelty,false_positive_rate,30,0.0,0.0,0.0,0.0,0.0,1.0
5,policy_active_no_novelty,policy_exact_match,30,0.9888888888888888,0.9888888888888888,0.0,0.0,0.0,1.0
5,policy_active_no_novelty,shifted_attack_recall,30,0.9718192179684115,0.9718192179684115,0.0,0.0,0.0,1.0
5,policy_active_no_novelty,posterior_reduction_ratio,30,0.9324074074074074,0.9324074074074074,0.0,0.0,0.0,1.0
5,policy_active_no_novelty,information_gain_bits,30,6.075308227480605,6.075308227480605,0.0,0.0,0.0,1.0
5,policy_active_no_outcome,attack_recall,30,0.9742395892833556,1.0,-0.025760410716644287,-0.0401336591587033,-0.011472363593324656,0.0032998350082495873
5,policy_active_no_outcome,balanced_accuracy,30,0.9871197946416779,0.9969589711548473,-0.00983917651316956,-0.018150514609525426,-0.0016121042273544318,0.03829808509574521
5,policy_active_no_outcome,effect_mae,30,0.021450617283950552,0.022582304526748934,-0.0011316872427983835,-0.004320987654321021,0.001954732510288036,0.45642717864106797
5,policy_active_no_outcome,false_positive_rate,30,0.0,0.00608205769030511,-0.00608205769030511,-0.014101041341247528,0.0,0.25738713064346785
5,policy_active_no_outcome,policy_exact_match,30,0.9888888888888888,0.9962962962962962,-0.007407407407407441,-0.014814814814814881,0.0,0.1471426428678566
5,policy_active_no_outcome,shifted_attack_recall,30,0.9718192179684115,1.0,-0.0281807820315885,-0.04390491452991455,-0.01259920634920635,0.004049797510124494
5,policy_active_no_outcome,posterior_reduction_ratio,30,0.9324074074074074,0.9233522500995619,0.009055157307845308,0.008049457387494779,0.010045798486658512,4.999750012499375e-05
5,policy_active_no_outcome,information_gain_bits,30,6.075308227480605,5.707722754970636,0.3675854725099669,0.3534075921138548,0.38189969437963356,4.999750012499375e-05
5,policy_active_no_policy,attack_recall,30,0.9742395892833556,0.9066228093598411,0.06761677992351468,0.060534242698240606,0.07492830028239965,4.999750012499375e-05
5,policy_active_no_policy,balanced_accuracy,30,0.9871197946416779,0.9533114046799206,0.03380838996175735,0.03027018618070531,0.0374289028282838,4.999750012499375e-05
5,policy_active_no_policy,effect_mae,30,0.021450617283950552,0.025681584362139874,-0.0042309670781893235,-0.004809670781893032,-0.0036522633744856163,4.999750012499375e-05
5,policy_active_no_policy,false_positive_rate,30,0.0,0.0,0.0,0.0,0.0,1.0
5,policy_active_no_policy,policy_exact_match,30,0.9888888888888888,0.9479938271604937,0.040895061728395014,0.03672839506172834,0.04521604938271597,4.999750012499375e-05
5,policy_active_no_policy,shifted_attack_recall,30,0.9718192179684115,0.8986818838705886,0.07313733409782304,0.06477013386497572,0.08187073695324912,4.999750012499375e-05
5,policy_active_no_policy,posterior_reduction_ratio,30,0.9324074074074074,0.8642174432497013,0.06818996415770595,0.060279520111509215,0.07622958980485851,4.999750012499375e-05
5,policy_active_no_policy,information_gain_bits,30,6.075308227480605,4.53837982169453,1.5369284057860737,1.3804455858994018,1.696240924979818,4.999750012499375e-05
