benchmark_seed,budget,strategy,attack_recall,false_positive_rate,precision,f1,balanced_accuracy,policy_exact_match,effect_mae,shifted_attack_recall,initial_hypothesis_count,final_hypothesis_count,posterior_reduction_ratio,information_gain_bits
0,2,passive_characterisation,0.9692307692307692,0.005154639175257732,0.9921259842519685,0.980544747081712,0.9820380650277558,0.9768518518518519,0.033950617283950615,0.9661016949152542,76.66666666666667,26.22222222222222,0.6599114838108551,2.03379858044273
0,2,policy_active_full,0.9307692307692308,0.002577319587628866,0.9958847736625515,0.9622266401590458,0.964095955590801,0.9583333333333334,0.03292181069958847,0.9152542372881356,372.0,94.33333333333333,0.7464157706093191,3.377621947560556
0,2,policy_active_no_outcome,0.9230769230769231,0.010309278350515464,0.9836065573770492,0.9523809523809524,0.9563838223632039,0.9444444444444444,0.03446502057613168,0.9152542372881356,372.0,131.11111111111111,0.6475507765830346,2.714362887665484
0,2,policy_active_no_policy,0.9076923076923077,0.0,1.0,0.9516129032258065,0.9538461538461538,0.9475308641975309,0.03137860082304526,0.8983050847457628,372.0,114.0,0.6935483870967741,2.891771799311665
0,2,policy_active_no_boundary,0.9576923076923077,0.023195876288659795,0.9651162790697675,0.9613899613899615,0.967248215701824,0.9544753086419753,0.03176440329218107,0.9745762711864406,372.0,82.77777777777777,0.7774790919952211,3.6142412127130106
0,2,policy_active_no_novelty,0.9307692307692308,0.002577319587628866,0.9958847736625515,0.9622266401590458,0.964095955590801,0.9583333333333334,0.03292181069958847,0.9152542372881356,372.0,94.33333333333333,0.7464157706093191,3.377621947560556
0,5,passive_characterisation,0.9846153846153847,0.0,1.0,0.9922480620155039,0.9923076923076923,0.9907407407407407,0.024691358024691357,0.9830508474576272,76.66666666666667,10.555555555555555,0.8673421849522479,3.9271998801279513
0,5,policy_active_full,1.0,0.0,1.0,1.0,1.0,1.0,0.020061728395061727,1.0,372.0,25.0,0.9327956989247309,6.13895661723444
0,5,policy_active_no_outcome,1.0,0.0,1.0,1.0,1.0,1.0,0.016975308641975308,1.0,372.0,29.88888888888889,0.9196535244922343,5.76562052136033
0,5,policy_active_no_policy,0.9461538461538461,0.0,1.0,0.9723320158102766,0.9730769230769231,0.9675925925925926,0.023919753086419752,0.9491525423728814,372.0,45.27777777777778,0.8782855436081243,4.962786424245726
0,5,policy_active_no_boundary,0.9846153846153847,0.0,1.0,0.9922480620155039,0.9923076923076923,0.9907407407407407,0.021219135802469133,1.0,372.0,28.944444444444443,0.9221923536439665,5.9491456285579085
0,5,policy_active_no_novelty,1.0,0.0,1.0,1.0,1.0,1.0,0.020061728395061727,1.0,372.0,25.0,0.9327956989247309,6.13895661723444
1,2,passive_characterisation,0.9692307692307692,0.005154639175257732,0.9921259842519685,0.980544747081712,0.9820380650277558,0.9768518518518519,0.03009259259259259,0.9661016949152542,76.66666666666667,26.22222222222222,0.6599114838108548,2.0337985804427294
1,2,policy_active_full,0.9230769230769231,0.005154639175257732,0.9917355371900827,0.9561752988047809,0.9589611419508327,0.9506172839506173,0.035493827160493825,0.9152542372881356,372.0,115.66666666666667,0.6890681003584231,2.879718982034265
1,2,policy_active_no_outcome,0.9538461538461539,0.020618556701030927,0.96875,0.9612403100775193,0.9666137985725615,0.9506172839506173,0.0375514403292181,0.9491525423728814,372.0,106.77777777777777,0.7129629629629629,3.2324701113013092
1,2,policy_active_no_policy,0.8923076923076924,0.0,1.0,0.9430894308943091,0.9461538461538461,0.9382716049382716,0.033950617283950615,0.8813559322033898,372.0,135.0,0.6370967741935484,2.396279397240854
1,2,policy_active_no_boundary,0.9307692307692308,0.015463917525773196,0.9758064516129032,0.952755905511811,0.9576526566217288,0.9444444444444444,0.034207818930041156,0.9152542372881356,372.0,113.88888888888889,0.693847072879331,2.9262276503661733
1,2,policy_active_no_novelty,0.9230769230769231,0.005154639175257732,0.9917355371900827,0.9561752988047809,0.9589611419508327,0.9506172839506173,0.035493827160493825,0.9152542372881356,372.0,115.66666666666667,0.6890681003584231,2.879718982034265
1,5,passive_characterisation,0.9846153846153847,0.0,1.0,0.9922480620155039,0.9923076923076923,0.9907407407407407,0.018518518518518517,0.9830508474576272,76.66666666666667,10.11111111111111,0.8757279291870488,4.185191890670992
1,5,policy_active_full,1.0,0.0,1.0,1.0,1.0,1.0,0.016975308641975308,1.0,372.0,25.0,0.9327956989247312,6.13895661723444
1,5,policy_active_no_outcome,1.0,0.0,1.0,1.0,1.0,1.0,0.026234567901234566,1.0,372.0,28.22222222222222,0.9241338112305855,5.7864679661576375
1,5,policy_active_no_policy,0.9230769230769231,0.0,1.0,0.9600000000000001,0.9615384615384616,0.9537037037037037,0.020061728395061727,0.9152542372881356,372.0,55.888888888888886,0.8497610513739547,4.457853744317008
1,5,policy_active_no_boundary,0.95,0.002577319587628866,0.9959677419354839,0.9724409448818898,0.9737113402061855,0.9675925925925926,0.019675925925925927,0.9576271186440678,372.0,39.44444444444444,0.8939665471923536,5.287651706579657
1,5,policy_active_no_novelty,1.0,0.0,1.0,1.0,1.0,1.0,0.016975308641975308,1.0,372.0,25.0,0.9327956989247312,6.13895661723444
2,2,passive_characterisation,0.967741935483871,0.0,1.0,0.9836065573770492,0.9838709677419355,0.9814814814814815,0.033179012345679014,0.9642857142857143,79.83333333333333,28.0,0.6275171632549691,2.0455236688089258
2,2,policy_active_full,0.9193548387096774,0.0,1.0,0.9579831932773109,0.9596774193548387,0.9537037037037037,0.032407407407407406,0.9107142857142857,372.0,115.66666666666667,0.689068100358423,2.879718982034265
2,2,policy_active_no_outcome,0.9354838709677419,0.02,0.9666666666666667,0.9508196721311476,0.957741935483871,0.9444444444444444,0.03292181069958847,0.9285714285714286,372.0,155.44444444444446,0.5821385902031063,2.1962556640296587
2,2,policy_active_no_policy,0.8870967741935484,0.0,1.0,0.9401709401709402,0.9435483870967742,0.9351851851851852,0.032407407407407406,0.875,372.0,156.0,0.5806451612903226,1.9007869951700433
2,2,policy_active_no_boundary,0.9354838709677419,0.02,0.9666666666666667,0.9508196721311476,0.957741935483871,0.9444444444444444,0.032407407407407406,0.9196428571428571,372.0,114.66666666666667,0.6917562724014337,2.803600325149129
2,2,policy_active_no_novelty,0.9193548387096774,0.0,1.0,0.9579831932773109,0.9596774193548387,0.9537037037037037,0.032407407407407406,0.9107142857142857,372.0,115.66666666666667,0.689068100358423,2.879718982034265
2,5,passive_characterisation,1.0,0.0,1.0,1.0,1.0,1.0,0.021604938271604937,1.0,79.83333333333333,9.944444444444445,0.880818322118235,4.430148035340035
2,5,policy_active_full,1.0,0.0,1.0,1.0,1.0,1.0,0.021604938271604937,1.0,372.0,25.333333333333332,0.9318996415770607,5.9920757178025115
2,5,policy_active_no_outcome,1.0,0.0,1.0,1.0,1.0,1.0,0.021604938271604937,1.0,372.0,27.61111111111111,0.9257765830346477,5.6207847440317185
2,5,policy_active_no_policy,0.9032258064516129,0.0,1.0,0.9491525423728813,0.9516129032258065,0.9444444444444444,0.027777777777777776,0.8928571428571429,372.0,66.88888888888889,0.8201911589008364,3.6562627308947016
2,5,policy_active_no_boundary,0.9838709677419355,0.0,1.0,0.991869918699187,0.9919354838709677,0.9907407407407407,0.024305555555555556,1.0,372.0,29.22222222222222,0.9214456391875747,5.711504852139635
2,5,policy_active_no_novelty,1.0,0.0,1.0,1.0,1.0,1.0,0.021604938271604937,1.0,372.0,25.333333333333332,0.9318996415770607,5.9920757178025115
3,2,passive_characterisation,0.967741935483871,0.0,1.0,0.9836065573770492,0.9838709677419355,0.9814814814814815,0.033179012345679014,0.9642857142857143,79.83333333333333,28.0,0.6275171632549692,2.0455236688089258
3,2,policy_active_full,0.9193548387096774,0.0,1.0,0.9579831932773109,0.9596774193548387,0.9537037037037037,0.032407407407407406,0.9107142857142857,372.0,115.66666666666667,0.689068100358423,2.879718982034265
3,2,policy_active_no_outcome,0.9354838709677419,0.02,0.9666666666666667,0.9508196721311476,0.957741935483871,0.9444444444444444,0.03292181069958847,0.9285714285714286,372.0,155.44444444444446,0.5821385902031063,2.196255664029658
3,2,policy_active_no_policy,0.8951612903225806,0.0,1.0,0.9446808510638298,0.9475806451612903,0.9398148148148148,0.031635802469135804,0.8928571428571429,372.0,156.0,0.5806451612903226,1.900786995170043
3,2,policy_active_no_boundary,0.8870967741935484,0.0,1.0,0.9401709401709402,0.9435483870967742,0.9351851851851852,0.03279320987654321,0.875,372.0,156.22222222222223,0.5800477897252091,1.8686195932594893
3,2,policy_active_no_novelty,0.9193548387096774,0.0,1.0,0.9579831932773109,0.9596774193548387,0.9537037037037037,0.032407407407407406,0.9107142857142857,372.0,115.66666666666667,0.689068100358423,2.879718982034265
3,5,passive_characterisation,1.0,0.0,1.0,1.0,1.0,1.0,0.021604938271604937,1.0,79.83333333333333,9.944444444444445,0.880818322118235,4.430148035340035
3,5,policy_active_full,1.0,0.0,1.0,1.0,1.0,1.0,0.021604938271604937,1.0,372.0,25.333333333333332,0.9318996415770607,5.992075717802511
3,5,policy_active_no_outcome,1.0,0.0,1.0,1.0,1.0,1.0,0.021604938271604937,1.0,372.0,30.11111111111111,0.9190561529271206,5.589513576835757
3,5,policy_active_no_policy,0.9032258064516129,0.0,1.0,0.9491525423728813,0.9516129032258065,0.9444444444444444,0.027777777777777776,0.8928571428571429,372.0,66.88888888888889,0.8201911589008364,3.6562627308947016
3,5,policy_active_no_boundary,0.9959677419354839,0.0025,0.9959677419354839,0.9959677419354839,0.996733870967742,0.9953703703703703,0.026234567901234566,1.0,372.0,24.444444444444443,0.9342891278375148,5.59297128643855
3,5,policy_active_no_novelty,1.0,0.0,1.0,1.0,1.0,1.0,0.021604938271604937,1.0,372.0,25.333333333333332,0.9318996415770607,5.992075717802511
4,2,passive_characterisation,0.8873239436619719,0.005494505494505495,0.9921259842519685,0.9368029739776952,0.9409147190837333,0.9398148148148148,0.046296296296296294,0.8769230769230769,79.83333333333333,26.27777777777778,0.6628459931330652,2.0927749929524806
4,2,policy_active_full,0.9014084507042254,0.0027472527472527475,0.9961089494163424,0.9463955637707948,0.9493305989784864,0.9429012345679012,0.03909465020576131,0.9,372.0,94.33333333333333,0.7464157706093191,3.377621947560556
4,2,policy_active_no_outcome,0.9014084507042254,0.01098901098901099,0.9846153846153847,0.9411764705882353,0.9452097198576073,0.9320987654320988,0.03960905349794239,0.8923076923076924,372.0,131.11111111111111,0.6475507765830346,2.7143628876654833
4,2,policy_active_no_policy,0.8802816901408451,0.0,1.0,0.9363295880149813,0.9401408450704225,0.9320987654320988,0.0375514403292181,0.8692307692307693,372.0,114.0,0.6935483870967741,2.8917717993116647
4,2,policy_active_no_boundary,0.9225352112676056,0.02197802197802198,0.9703703703703703,0.9458483754512635,0.9502785946447918,0.9390432098765432,0.03909465020576131,0.9153846153846154,372.0,93.11111111111111,0.7497013142174433,3.3895526505264297
4,2,policy_active_no_novelty,0.9014084507042254,0.0027472527472527475,0.9961089494163424,0.9463955637707948,0.9493305989784864,0.9429012345679012,0.03909465020576131,0.9,372.0,94.33333333333333,0.7464157706093191,3.377621947560556
4,5,passive_characterisation,0.9014084507042254,0.0,1.0,0.9481481481481481,0.9507042253521127,0.9537037037037037,0.037037037037037035,0.8923076923076924,79.83333333333333,10.61111111111111,0.8699285014799867,3.9857035908955907
4,5,policy_active_full,0.9154929577464789,0.0,1.0,0.9558823529411764,0.9577464788732395,0.9629629629629629,0.026234567901234566,0.9076923076923077,372.0,25.0,0.932795698924731,6.13895661723444
4,5,policy_active_no_outcome,1.0,0.0,1.0,1.0,1.0,1.0,0.016975308641975308,1.0,372.0,29.055555555555557,0.9218936678614098,5.776044243758984
4,5,policy_active_no_policy,0.8732394366197183,0.0,1.0,0.9323308270676691,0.9366197183098591,0.9351851851851852,0.02970679012345679,0.8615384615384616,372.0,40.166666666666664,0.8920250896057347,5.175119851913614
4,5,policy_active_no_boundary,0.9154929577464789,0.0,1.0,0.9558823529411764,0.9577464788732395,0.9629629629629629,0.027391975308641976,0.9076923076923077,372.0,23.38888888888889,0.937126642771804,6.193379893219528
4,5,policy_active_no_novelty,0.9154929577464789,0.0,1.0,0.9558823529411764,0.9577464788732395,0.9629629629629629,0.026234567901234566,0.9076923076923077,372.0,25.0,0.932795698924731,6.13895661723444
5,2,passive_characterisation,0.9841269841269841,0.005050505050505051,0.992,0.9880478087649401,0.9895382395382395,0.9861111111111112,0.027777777777777776,0.9824561403508771,76.66666666666667,25.555555555555557,0.6693454460750059,2.160187860859389
5,2,policy_active_full,0.9206349206349206,0.0,1.0,0.9586776859504132,0.9603174603174602,0.9537037037037037,0.03497942386831275,0.9122807017543859,372.0,94.33333333333333,0.7464157706093191,3.377621947560556
5,2,policy_active_no_outcome,0.9365079365079365,0.020202020202020204,0.9672131147540983,0.9516129032258064,0.9581529581529582,0.9444444444444444,0.03652263374485596,0.9298245614035088,372.0,131.11111111111111,0.6475507765830346,2.7143628876654837
5,2,policy_active_no_policy,0.8888888888888888,0.0,1.0,0.9411764705882353,0.9444444444444444,0.9351851851851852,0.03343621399176954,0.8771929824561403,372.0,135.0,0.6370967741935485,2.396279397240854
5,2,policy_active_no_boundary,0.9365079365079365,0.022727272727272728,0.963265306122449,0.9496981891348089,0.9568903318903319,0.9429012345679012,0.035365226337448555,0.9385964912280702,372.0,104.0,0.7204301075268817,3.078463246266121
5,2,policy_active_no_novelty,0.9206349206349206,0.0,1.0,0.9586776859504132,0.9603174603174602,0.9537037037037037,0.03497942386831275,0.9122807017543859,372.0,94.33333333333333,0.7464157706093191,3.377621947560556
5,5,passive_characterisation,1.0,0.0,1.0,1.0,1.0,1.0,0.016975308641975308,1.0,76.66666666666667,10.222222222222221,0.8720591660843232,4.149422102350174
5,5,policy_active_full,1.0,0.0,1.0,1.0,1.0,1.0,0.013888888888888888,1.0,372.0,24.88888888888889,0.9330943847072879,6.250067728345551
5,5,policy_active_no_outcome,1.0,0.0,1.0,1.0,1.0,1.0,0.026234567901234566,1.0,372.0,28.944444444444443,0.9221923536439666,5.822159521456633
5,5,policy_active_no_policy,0.9126984126984127,0.0,1.0,0.9543568464730291,0.9563492063492063,0.9490740740740741,0.021219135802469136,0.8947368421052632,372.0,51.0,0.8629032258064517,4.494080227460325
5,5,policy_active_no_boundary,0.996031746031746,0.0025252525252525255,0.996031746031746,0.996031746031746,0.9967532467532467,0.9953703703703703,0.015817901234567902,1.0,372.0,23.666666666666668,0.9363799283154122,6.17302865909476
5,5,policy_active_no_novelty,1.0,0.0,1.0,1.0,1.0,1.0,0.013888888888888888,1.0,372.0,24.88888888888889,0.9330943847072879,6.250067728345551
6,2,passive_characterisation,0.8873239436619719,0.005494505494505495,0.9921259842519685,0.9368029739776952,0.9409147190837333,0.9398148148148148,0.048611111111111105,0.8769230769230769,94.33333333333333,26.22222222222222,0.6787794083391567,2.297958997229589
6,2,policy_active_full,0.8802816901408451,0.0,1.0,0.9363295880149813,0.9401408450704225,0.9320987654320988,0.04063786008230452,0.8692307692307693,372.0,115.66666666666667,0.689068100358423,2.879718982034265
6,2,policy_active_no_outcome,0.9295774647887324,0.02197802197802198,0.9705882352941176,0.9496402877697842,0.9537997214053552,0.9382716049382716,0.04063786008230452,0.9230769230769231,372.0,106.77777777777777,0.7129629629629629,3.2324701113013092
6,2,policy_active_no_policy,0.8661971830985915,0.0,1.0,0.9283018867924528,0.9330985915492958,0.9228395061728395,0.03909465020576131,0.8538461538461538,372.0,135.0,0.6370967741935484,2.396279397240854
6,2,policy_active_no_boundary,0.9084507042253521,0.013736263736263736,0.9809885931558935,0.9433272394881169,0.9473572202445442,0.9367283950617284,0.0375514403292181,0.8923076923076924,372.0,103.77777777777777,0.7210274790919953,3.1146897294094376
6,2,policy_active_no_novelty,0.8802816901408451,0.0,1.0,0.9363295880149813,0.9401408450704225,0.9320987654320988,0.04063786008230452,0.8692307692307693,372.0,115.66666666666667,0.689068100358423,2.879718982034265
6,5,passive_characterisation,0.9014084507042254,0.0,1.0,0.9481481481481481,0.9507042253521127,0.9537037037037037,0.037037037037037035,0.8923076923076924,94.33333333333333,10.11111111111111,0.8820172373631494,4.449352307457851
6,5,policy_active_full,0.9154929577464789,0.0,1.0,0.9558823529411764,0.9577464788732395,0.9629629629629629,0.029320987654320986,0.9076923076923077,372.0,25.0,0.9327956989247312,6.13895661723444
6,5,policy_active_no_outcome,1.0,0.0,1.0,1.0,1.0,1.0,0.020061728395061727,1.0,372.0,29.055555555555557,0.9218936678614098,5.776044243758984
6,5,policy_active_no_policy,0.8450704225352113,0.0,1.0,0.916030534351145,0.9225352112676056,0.9166666666666666,0.03279320987654321,0.8307692307692308,372.0,50.833333333333336,0.8633512544802868,4.6146316164293415
6,5,policy_active_no_boundary,0.8838028169014085,0.0027472527472527475,0.996031746031746,0.9365671641791045,0.9405277820770779,0.9398148148148148,0.03125,0.8692307692307693,372.0,34.166666666666664,0.9081541218637993,5.544838185472969
6,5,policy_active_no_novelty,0.9154929577464789,0.0,1.0,0.9558823529411764,0.9577464788732395,0.9629629629629629,0.029320987654320986,0.9076923076923077,372.0,25.0,0.9327956989247312,6.13895661723444
7,2,passive_characterisation,0.9692307692307692,0.005154639175257732,0.9921259842519685,0.980544747081712,0.9820380650277558,0.9768518518518519,0.033950617283950615,0.9661016949152542,79.83333333333333,26.27777777777778,0.6628459931330652,2.092774992952481
7,2,policy_active_full,0.9230769230769231,0.03608247422680412,0.9448818897637795,0.9338521400778211,0.9434972244250595,0.9351851851851852,0.04115226337448559,0.9152542372881356,372.0,94.33333333333333,0.7464157706093191,3.377621947560556
7,2,policy_active_no_outcome,0.9230769230769231,0.05154639175257732,0.9230769230769231,0.9230769230769231,0.9357652656621729,0.9197530864197531,0.04372427983539094,0.9152542372881356,372.0,131.11111111111111,0.6475507765830346,2.7143628876654833
7,2,policy_active_no_policy,0.9153846153846154,0.03608247422680412,0.9444444444444444,0.9296874999999999,0.9396510705789056,0.9305555555555556,0.03883744855967078,0.9152542372881356,372.0,114.0,0.6935483870967741,2.8917717993116643
7,2,policy_active_no_boundary,0.9538461538461539,0.05412371134020619,0.9219330855018587,0.9376181474480151,0.9498612212529738,0.9328703703703703,0.04218106995884773,0.9491525423728814,372.0,103.22222222222223,0.7225209080047791,3.2010905714831654
7,2,policy_active_no_novelty,0.9230769230769231,0.03608247422680412,0.9448818897637795,0.9338521400778211,0.9434972244250595,0.9351851851851852,0.04115226337448559,0.9152542372881356,372.0,94.33333333333333,0.7464157706093191,3.377621947560556
7,5,passive_characterisation,0.9846153846153847,0.0,1.0,0.9922480620155039,0.9923076923076923,0.9907407407407407,0.024691358024691357,0.9830508474576272,79.83333333333333,10.61111111111111,0.8699285014799867,3.9857035908955916
7,5,policy_active_full,1.0,0.0,1.0,1.0,1.0,1.0,0.013888888888888888,1.0,372.0,25.0,0.932795698924731,6.13895661723444
7,5,policy_active_no_outcome,1.0,0.061855670103092786,0.9154929577464789,0.9558823529411764,0.9690721649484536,0.9629629629629629,0.029320987654320986,1.0,372.0,28.22222222222222,0.9241338112305855,5.786467966157638
7,5,policy_active_no_policy,0.9615384615384616,0.0,1.0,0.9803921568627451,0.9807692307692308,0.9768518518518519,0.016975308641975308,0.9661016949152542,372.0,35.05555555555556,0.9057646356033454,5.3874532795815036
7,5,policy_active_no_boundary,0.9961538461538462,0.002577319587628866,0.9961538461538462,0.9961538461538462,0.9967882632831087,0.9953703703703703,0.016975308641975308,1.0,372.0,23.666666666666668,0.9363799283154122,6.0604733697318185
7,5,policy_active_no_novelty,1.0,0.0,1.0,1.0,1.0,1.0,0.013888888888888888,1.0,372.0,25.0,0.932795698924731,6.13895661723444
8,2,passive_characterisation,0.967741935483871,0.0,1.0,0.9836065573770492,0.9838709677419355,0.9814814814814815,0.02700617283950617,0.9642857142857143,94.33333333333333,31.444444444444443,0.6323084090379688,2.1651205407881067
8,2,policy_active_full,0.9193548387096774,0.0,1.0,0.9579831932773109,0.9596774193548387,0.9537037037037037,0.03343621399176954,0.9107142857142857,372.0,115.66666666666667,0.6890681003584231,2.879718982034265
8,2,policy_active_no_outcome,0.9354838709677419,0.02,0.9666666666666667,0.9508196721311476,0.957741935483871,0.9444444444444444,0.03497942386831275,0.9285714285714286,372.0,155.44444444444446,0.5821385902031063,2.196255664029658
8,2,policy_active_no_policy,0.8951612903225806,0.0,1.0,0.9446808510638298,0.9475806451612903,0.9398148148148148,0.03266460905349794,0.875,372.0,156.0,0.5806451612903226,1.900786995170043
8,2,policy_active_no_boundary,0.9153225806451613,0.015,0.9742489270386266,0.9438669438669438,0.9501612903225807,0.9375,0.033822016460905345,0.9107142857142857,372.0,135.33333333333334,0.6362007168458781,2.354223200775967
8,2,policy_active_no_novelty,0.9193548387096774,0.0,1.0,0.9579831932773109,0.9596774193548387,0.9537037037037037,0.03343621399176954,0.9107142857142857,372.0,115.66666666666667,0.6890681003584231,2.879718982034265
8,5,passive_characterisation,1.0,0.0,1.0,1.0,1.0,1.0,0.015432098765432098,1.0,94.33333333333333,9.88888888888889,0.8832401583973912,4.635804741359256
8,5,policy_active_full,1.0,0.0,1.0,1.0,1.0,1.0,0.015432098765432098,1.0,372.0,25.333333333333332,0.9318996415770607,5.9920757178025115
8,5,policy_active_no_outcome,1.0,0.0,1.0,1.0,1.0,1.0,0.027777777777777776,1.0,372.0,28.444444444444443,0.9235364396654719,5.610361021633064
8,5,policy_active_no_policy,0.9274193548387096,0.0,1.0,0.9623430962343097,0.9637096774193548,0.9583333333333334,0.02044753086419753,0.9107142857142857,372.0,51.55555555555556,0.8614097968936679,4.293263013898368
8,5,policy_active_no_boundary,0.967741935483871,0.0,1.0,0.9836065573770492,0.9838709677419355,0.9814814814814815,0.020833333333333332,0.9642857142857143,372.0,35.111111111111114,0.905615292712067,5.2026616539947295
8,5,policy_active_no_novelty,1.0,0.0,1.0,1.0,1.0,1.0,0.015432098765432098,1.0,372.0,25.333333333333332,0.9318996415770607,5.9920757178025115
9,2,passive_characterisation,0.9692307692307692,0.005154639175257732,0.9921259842519685,0.980544747081712,0.9820380650277558,0.9768518518518519,0.036265432098765434,0.9661016949152542,76.66666666666667,26.22222222222222,0.659911483810855,2.0337985804427294
9,2,policy_active_full,0.9153846153846154,0.002577319587628866,0.99581589958159,0.9539078156312626,0.9564036478984932,0.9490740740740741,0.03446502057613168,0.8983050847457628,372.0,115.66666666666667,0.689068100358423,2.879718982034265
9,2,policy_active_no_outcome,0.9538461538461539,0.020618556701030927,0.96875,0.9612403100775193,0.9666137985725615,0.9506172839506173,0.035493827160493825,0.9491525423728814,372.0,106.77777777777777,0.7129629629629629,3.232470111301309
9,2,policy_active_no_policy,0.8923076923076924,0.0,1.0,0.9430894308943091,0.9461538461538461,0.9382716049382716,0.03292181069958847,0.8813559322033898,372.0,135.0,0.6370967741935484,2.396279397240854
9,2,policy_active_no_boundary,0.9576923076923077,0.01804123711340206,0.97265625,0.9651162790697675,0.9698255352894528,0.9583333333333334,0.03485082304526749,0.940677966101695,372.0,103.55555555555556,0.7216248506571087,3.1509162125527532
9,2,policy_active_no_novelty,0.9153846153846154,0.002577319587628866,0.99581589958159,0.9539078156312626,0.9564036478984932,0.9490740740740741,0.03446502057613168,0.8983050847457628,372.0,115.66666666666667,0.689068100358423,2.879718982034265
9,5,passive_characterisation,0.9846153846153847,0.0,1.0,0.9922480620155039,0.9923076923076923,0.9907407407407407,0.024691358024691357,0.9830508474576272,76.66666666666667,10.11111111111111,0.8757279291870488,4.185191890670992
9,5,policy_active_full,1.0,0.0,1.0,1.0,1.0,1.0,0.023148148148148147,1.0,372.0,25.0,0.9327956989247312,6.13895661723444
9,5,policy_active_no_outcome,1.0,0.0,1.0,1.0,1.0,1.0,0.020061728395061727,1.0,372.0,29.055555555555557,0.9218936678614099,5.776044243758984
9,5,policy_active_no_policy,0.9307692307692308,0.0,1.0,0.9641434262948207,0.9653846153846154,0.9583333333333334,0.025848765432098766,0.9322033898305084,372.0,50.77777777777778,0.863500597371565,4.670187171984897
9,5,policy_active_no_boundary,0.9961538461538462,0.002577319587628866,0.9961538461538462,0.9961538461538462,0.9967882632831087,0.9953703703703703,0.023919753086419752,1.0,372.0,23.944444444444443,0.9356332138590202,6.120536523216563
9,5,policy_active_no_novelty,1.0,0.0,1.0,1.0,1.0,1.0,0.023148148148148147,1.0,372.0,25.0,0.9327956989247312,6.13895661723444
10,2,passive_characterisation,0.8985507246376812,0.005376344086021506,0.992,0.9429657794676806,0.9465871902758298,0.9490740740740741,0.046296296296296294,0.8888888888888888,79.83333333333333,25.61111111111111,0.6721634867272885,2.2191642733691403
10,2,policy_active_full,0.8985507246376812,0.002688172043010753,0.9959839357429718,0.9447619047619047,0.9479312762973352,0.9398148148148148,0.040123456790123455,0.8809523809523809,372.0,94.33333333333333,0.7464157706093191,3.377621947560556
10,2,policy_active_no_outcome,0.9130434782608695,0.021505376344086023,0.9692307692307692,0.9402985074626865,0.9457690509583918,0.9320987654320988,0.03960905349794238,0.9047619047619048,372.0,131.11111111111111,0.6475507765830346,2.7143628876654837
10,2,policy_active_no_policy,0.8623188405797102,0.0,1.0,0.9260700389105059,0.9311594202898551,0.9197530864197531,0.038580246913580245,0.8492063492063492,372.0,135.0,0.6370967741935485,2.396279397240854
10,2,policy_active_no_boundary,0.8623188405797102,0.008064516129032258,0.9875518672199171,0.9206963249516441,0.927127162225339,0.9151234567901234,0.0419238683127572,0.8571428571428571,372.0,124.88888888888889,0.6642771804062128,2.592859638749643
10,2,policy_active_no_novelty,0.8985507246376812,0.002688172043010753,0.9959839357429718,0.9447619047619047,0.9479312762973352,0.9398148148148148,0.040123456790123455,0.8809523809523809,372.0,94.33333333333333,0.7464157706093191,3.377621947560556
10,5,passive_characterisation,0.9130434782608695,0.0,1.0,0.9545454545454545,0.9565217391304348,0.9629629629629629,0.035493827160493825,0.9047619047619048,79.83333333333333,10.277777777777779,0.874587248277098,4.2079258131178126
10,5,policy_active_full,0.9130434782608695,0.0,1.0,0.9545454545454545,0.9565217391304348,0.9629629629629629,0.026234567901234566,0.9047619047619048,372.0,24.88888888888889,0.9330943847072881,6.250067728345551
10,5,policy_active_no_outcome,1.0,0.0,1.0,1.0,1.0,1.0,0.020061728395061727,1.0,372.0,28.944444444444443,0.9221923536439666,5.822159521456634
10,5,policy_active_no_policy,0.8405797101449275,0.0,1.0,0.9133858267716535,0.9202898550724637,0.9166666666666666,0.032407407407407406,0.8253968253968254,372.0,56.0,0.8494623655913979,4.392857910903547
10,5,policy_active_no_boundary,0.8478260869565217,0.005376344086021506,0.9915254237288136,0.9140625,0.9212248714352501,0.9166666666666666,0.033179012345679014,0.8333333333333334,372.0,45.72222222222222,0.8770908004778972,4.77904857319445
10,5,policy_active_no_novelty,0.9130434782608695,0.0,1.0,0.9545454545454545,0.9565217391304348,0.9629629629629629,0.026234567901234566,0.9047619047619048,372.0,24.88888888888889,0.9330943847072881,6.250067728345551
11,2,passive_characterisation,0.8714285714285714,0.0,1.0,0.9312977099236641,0.9357142857142857,0.9351851851851852,0.047839506172839504,0.859375,76.66666666666667,28.555555555555557,0.6158863265781506,1.8626243158468738
11,2,policy_active_full,0.8785714285714286,0.0,1.0,0.935361216730038,0.9392857142857143,0.9320987654320988,0.03909465020576131,0.8671875,372.0,137.0,0.631720430107527,2.3818160165079743
11,2,policy_active_no_outcome,0.9285714285714286,0.021739130434782608,0.9701492537313433,0.948905109489051,0.9534161490683231,0.9382716049382716,0.03909465020576131,0.921875,372.0,131.11111111111111,0.6475507765830346,2.7143628876654833
11,2,policy_active_no_policy,0.8642857142857143,0.0,1.0,0.9272030651340997,0.9321428571428572,0.9228395061728395,0.03909465020576131,0.8515625,372.0,156.0,0.5806451612903226,1.9007869951700433
11,2,policy_active_no_boundary,0.9,0.010869565217391304,0.984375,0.9402985074626866,0.9445652173913044,0.9344135802469136,0.03768004115226337,0.8828125,372.0,114.44444444444444,0.6923536439665472,2.839826808292445
11,2,policy_active_no_novelty,0.8785714285714286,0.0,1.0,0.935361216730038,0.9392857142857143,0.9320987654320988,0.03909465020576131,0.8671875,372.0,137.0,0.631720430107527,2.3818160165079743
11,5,passive_characterisation,0.9,0.0,1.0,0.9473684210526316,0.95,0.9537037037037037,0.035493827160493825,0.890625,76.66666666666667,9.777777777777779,0.8820172373631494,4.407414112893214
11,5,policy_active_full,0.9142857142857143,0.0,1.0,0.955223880597015,0.9571428571428571,0.9629629629629629,0.030864197530864196,0.90625,372.0,25.444444444444443,0.9316009557945041,5.880964606691399
11,5,policy_active_no_outcome,1.0,0.0,1.0,1.0,1.0,1.0,0.021604938271604937,1.0,372.0,30.22222222222222,0.918757467144564,5.543398299138108
11,5,policy_active_no_policy,0.8357142857142857,0.0,1.0,0.9105058365758755,0.9178571428571429,0.9120370370370371,0.03356481481481482,0.828125,372.0,61.666666666666664,0.8342293906810037,3.9335919919760522
11,5,policy_active_no_boundary,0.8821428571428571,0.002717391304347826,0.9959677419354839,0.9356060606060606,0.9397127329192547,0.9398148148148148,0.031635802469135804,0.875,372.0,34.27777777777778,0.9078554360812425,5.517870028407955
11,5,policy_active_no_novelty,0.9142857142857143,0.0,1.0,0.955223880597015,0.9571428571428571,0.9629629629629629,0.030864197530864196,0.90625,372.0,25.444444444444443,0.9316009557945041,5.880964606691399
12,2,passive_characterisation,0.953125,0.0,1.0,0.976,0.9765625,0.9722222222222222,0.02700617283950617,0.9482758620689655,76.66666666666667,28.555555555555557,0.6158863265781506,1.8626243158468738
12,2,policy_active_full,0.921875,0.0,1.0,0.959349593495935,0.9609375,0.9567901234567902,0.032407407407407406,0.9137931034482759,372.0,115.66666666666667,0.689068100358423,2.879718982034265
12,2,policy_active_no_outcome,0.921875,0.01020408163265306,0.9833333333333333,0.9516129032258064,0.9558354591836735,0.9444444444444444,0.03497942386831275,0.9137931034482759,372.0,155.44444444444446,0.5821385902031063,2.196255664029658
12,2,policy_active_no_policy,0.9140625,0.0,1.0,0.9551020408163265,0.95703125,0.9521604938271605,0.031635802469135804,0.896551724137931,372.0,135.0,0.6370967741935485,2.396279397240854
12,2,policy_active_no_boundary,0.9375,0.02295918367346939,0.963855421686747,0.9504950495049506,0.9572704081632653,0.9421296296296297,0.03189300411522633,0.9310344827586207,372.0,124.22222222222223,0.6660692951015532,2.701539088179592
12,2,policy_active_no_novelty,0.921875,0.0,1.0,0.959349593495935,0.9609375,0.9567901234567902,0.032407407407407406,0.9137931034482759,372.0,115.66666666666667,0.689068100358423,2.879718982034265
12,5,passive_characterisation,0.984375,0.0,1.0,0.9921259842519685,0.9921875,0.9907407407407407,0.016975308641975308,0.9827586206896551,76.66666666666667,10.222222222222221,0.8736314931283485,4.149422102350174
12,5,policy_active_full,1.0,0.0,1.0,1.0,1.0,1.0,0.015432098765432098,1.0,372.0,25.444444444444443,0.9316009557945041,5.8809646066914
12,5,policy_active_no_outcome,1.0,0.0,1.0,1.0,1.0,1.0,0.024691358024691357,1.0,372.0,29.38888888888889,0.9209976105137395,5.553822021536762
12,5,policy_active_no_policy,0.9453125,0.0,1.0,0.9718875502008032,0.97265625,0.9675925925925926,0.018132716049382717,0.9482758620689655,372.0,51.0,0.8629032258064515,4.494080227460325
12,5,policy_active_no_boundary,0.9765625,0.00510204081632653,0.9920634920634921,0.9842519685039369,0.9857302295918368,0.9814814814814815,0.019290123456790122,0.9482758620689655,372.0,29.61111111111111,0.9204002389486261,5.467487217540817
12,5,policy_active_no_novelty,1.0,0.0,1.0,1.0,1.0,1.0,0.015432098765432098,1.0,372.0,25.444444444444443,0.9316009557945041,5.8809646066914
13,2,passive_characterisation,0.9692307692307692,0.005154639175257732,0.9921259842519685,0.980544747081712,0.9820380650277558,0.9768518518518519,0.027777777777777776,0.9661016949152542,79.83333333333333,26.27777777777778,0.6628459931330654,2.0927749929524806
13,2,policy_active_full,0.9230769230769231,0.0,1.0,0.9600000000000001,0.9615384615384616,0.9567901234567902,0.03395061728395061,0.9152542372881356,372.0,94.33333333333333,0.7464157706093191,3.377621947560556
13,2,policy_active_no_outcome,0.9230769230769231,0.010309278350515464,0.9836065573770492,0.9523809523809524,0.9563838223632039,0.9444444444444444,0.03652263374485596,0.9152542372881356,372.0,131.11111111111111,0.6475507765830346,2.7143628876654837
13,2,policy_active_no_policy,0.9230769230769231,0.0,1.0,0.9600000000000001,0.9615384615384616,0.9567901234567902,0.030864197530864196,0.9152542372881356,372.0,114.0,0.6935483870967742,2.8917717993116643
13,2,policy_active_no_boundary,0.95,0.010309278350515464,0.9840637450199203,0.9667318982387476,0.9698453608247423,0.9614197530864198,0.03343621399176954,0.9576271186440678,372.0,93.33333333333333,0.7491039426523298,3.353326167383113
13,2,policy_active_no_novelty,0.9230769230769231,0.0,1.0,0.9600000000000001,0.9615384615384616,0.9567901234567902,0.03395061728395061,0.9152542372881356,372.0,94.33333333333333,0.7464157706093191,3.377621947560556
13,5,passive_characterisation,0.9846153846153847,0.0,1.0,0.9922480620155039,0.9923076923076923,0.9907407407407407,0.018518518518518517,0.9830508474576272,79.83333333333333,10.61111111111111,0.8699285014799867,3.9857035908955916
13,5,policy_active_full,1.0,0.0,1.0,1.0,1.0,1.0,0.013888888888888888,1.0,372.0,25.0,0.932795698924731,6.13895661723444
13,5,policy_active_no_outcome,1.0,0.0,1.0,1.0,1.0,1.0,0.023148148148148147,1.0,372.0,27.38888888888889,0.926373954599761,5.7968916885562916
13,5,policy_active_no_policy,0.9615384615384616,0.0,1.0,0.9803921568627451,0.9807692307692308,0.9768518518518519,0.016589506172839507,0.9491525423728814,372.0,40.111111111111114,0.8921744324970133,5.23067540746917
13,5,policy_active_no_boundary,0.9961538461538462,0.002577319587628866,0.9961538461538462,0.9961538461538462,0.9967882632831087,0.9953703703703703,0.017361111111111112,0.9915254237288136,372.0,23.944444444444443,0.9356332138590202,6.031038872702447
13,5,policy_active_no_novelty,1.0,0.0,1.0,1.0,1.0,1.0,0.013888888888888888,1.0,372.0,25.0,0.932795698924731,6.13895661723444
14,2,passive_characterisation,0.9692307692307692,0.005154639175257732,0.9921259842519685,0.980544747081712,0.9820380650277558,0.9768518518518519,0.036265432098765434,0.9661016949152542,76.66666666666667,26.22222222222222,0.659911483810855,2.0337985804427294
14,2,policy_active_full,0.9153846153846154,0.002577319587628866,0.99581589958159,0.9539078156312626,0.9564036478984932,0.9490740740740741,0.03446502057613168,0.8983050847457628,372.0,115.66666666666667,0.689068100358423,2.879718982034265
14,2,policy_active_no_outcome,0.9538461538461539,0.020618556701030927,0.96875,0.9612403100775193,0.9666137985725615,0.9506172839506173,0.035493827160493825,0.9491525423728814,372.0,106.77777777777777,0.7129629629629629,3.2324701113013092
14,2,policy_active_no_policy,0.8923076923076924,0.0,1.0,0.9430894308943091,0.9461538461538461,0.9382716049382716,0.03292181069958847,0.8813559322033898,372.0,135.0,0.6370967741935484,2.396279397240854
14,2,policy_active_no_boundary,0.9346153846153846,0.015463917525773196,0.9759036144578314,0.9548133595284873,0.9595757335448057,0.9475308641975309,0.03215020576131687,0.9152542372881356,372.0,93.44444444444444,0.7488052568697732,3.339378291596018
14,2,policy_active_no_novelty,0.9153846153846154,0.002577319587628866,0.99581589958159,0.9539078156312626,0.9564036478984932,0.9490740740740741,0.03446502057613168,0.8983050847457628,372.0,115.66666666666667,0.689068100358423,2.879718982034265
14,5,passive_characterisation,0.9846153846153847,0.0,1.0,0.9922480620155039,0.9923076923076923,0.9907407407407407,0.024691358024691357,0.9830508474576272,76.66666666666667,10.11111111111111,0.8757279291870488,4.185191890670992
14,5,policy_active_full,1.0,0.0,1.0,1.0,1.0,1.0,0.023148148148148147,1.0,372.0,25.0,0.932795698924731,6.13895661723444
14,5,policy_active_no_outcome,1.0,0.0,1.0,1.0,1.0,1.0,0.020061728395061727,1.0,372.0,29.88888888888889,0.9196535244922343,5.76562052136033
14,5,policy_active_no_policy,0.9307692307692308,0.0,1.0,0.9641434262948207,0.9653846153846154,0.9583333333333334,0.026234567901234566,0.9322033898305084,372.0,45.72222222222222,0.8770908004778972,4.826965044097231
14,5,policy_active_no_boundary,0.9692307692307692,0.0,1.0,0.9843749999999999,0.9846153846153847,0.9814814814814815,0.02546296296296296,0.9661016949152542,372.0,33.833333333333336,0.9090501792114695,5.653691408556449
14,5,policy_active_no_novelty,1.0,0.0,1.0,1.0,1.0,1.0,0.023148148148148147,1.0,372.0,25.0,0.932795698924731,6.13895661723444
15,2,passive_characterisation,0.9692307692307692,0.005154639175257732,0.9921259842519685,0.980544747081712,0.9820380650277558,0.9768518518518519,0.027777777777777776,0.9661016949152542,94.33333333333333,26.22222222222222,0.6787794083391567,2.2979589972295895
15,2,policy_active_full,0.9384615384615385,0.005154639175257732,0.991869918699187,0.9644268774703556,0.9666534496431404,0.9598765432098766,0.033950617283950615,0.9322033898305084,372.0,94.33333333333333,0.7464157706093191,3.377621947560556
15,2,policy_active_no_outcome,0.9230769230769231,0.010309278350515464,0.9836065573770492,0.9523809523809524,0.9563838223632039,0.9444444444444444,0.03652263374485596,0.9152542372881356,372.0,131.11111111111111,0.6475507765830346,2.7143628876654837
15,2,policy_active_no_policy,0.9076923076923077,0.0,1.0,0.9516129032258065,0.9538461538461538,0.9475308641975309,0.032407407407407406,0.8983050847457628,372.0,114.0,0.6935483870967742,2.8917717993116647
15,2,policy_active_no_boundary,0.9423076923076923,0.005154639175257732,0.9919028340080972,0.9664694280078896,0.9685765265662173,0.9621913580246914,0.031635802469135804,0.9322033898305084,372.0,93.55555555555556,0.7485065710872163,3.3170996842397966
15,2,policy_active_no_novelty,0.9384615384615385,0.005154639175257732,0.991869918699187,0.9644268774703556,0.9666534496431404,0.9598765432098766,0.033950617283950615,0.9322033898305084,372.0,94.33333333333333,0.7464157706093191,3.377621947560556
15,5,passive_characterisation,0.9846153846153847,0.0,1.0,0.9922480620155039,0.9923076923076923,0.9907407407407407,0.018518518518518517,0.9830508474576272,94.33333333333333,10.555555555555555,0.8764267412066153,4.191360296914811
15,5,policy_active_full,1.0,0.0,1.0,1.0,1.0,1.0,0.013888888888888888,1.0,372.0,25.0,0.932795698924731,6.13895661723444
15,5,policy_active_no_outcome,1.0,0.0,1.0,1.0,1.0,1.0,0.023148148148148147,1.0,372.0,29.055555555555557,0.9218936678614099,5.776044243758984
15,5,policy_active_no_policy,0.9461538461538461,0.0,1.0,0.9723320158102766,0.9730769230769231,0.9675925925925926,0.018132716049382717,0.9491525423728814,372.0,40.22222222222222,0.8918757467144565,5.119564296358059
15,5,policy_active_no_boundary,0.9961538461538462,0.002577319587628866,0.9961538461538462,0.9961538461538462,0.9967882632831087,0.9953703703703703,0.015432098765432098,1.0,372.0,23.88888888888889,0.9357825567502986,6.143594162065388
15,5,policy_active_no_novelty,1.0,0.0,1.0,1.0,1.0,1.0,0.013888888888888888,1.0,372.0,25.0,0.932795698924731,6.13895661723444
16,2,passive_characterisation,0.8873239436619719,0.005494505494505495,0.9921259842519685,0.9368029739776952,0.9409147190837333,0.9398148148148148,0.046296296296296294,0.8769230769230769,76.66666666666667,26.22222222222222,0.6599114838108548,2.0337985804427294
16,2,policy_active_full,0.9014084507042254,0.0027472527472527475,0.9961089494163424,0.9463955637707948,0.9493305989784864,0.9429012345679012,0.03909465020576131,0.8846153846153846,372.0,94.33333333333333,0.7464157706093191,3.377621947560556
16,2,policy_active_no_outcome,0.9014084507042254,0.01098901098901099,0.9846153846153847,0.9411764705882353,0.9452097198576073,0.9320987654320988,0.03960905349794238,0.8923076923076924,372.0,131.11111111111111,0.6475507765830346,2.7143628876654837
16,2,policy_active_no_policy,0.8873239436619719,0.0,1.0,0.9402985074626865,0.943661971830986,0.9367283950617284,0.036779835390946494,0.8846153846153846,372.0,114.0,0.6935483870967741,2.8917717993116643
16,2,policy_active_no_boundary,0.9225352112676056,0.02197802197802198,0.9703703703703703,0.9458483754512635,0.9502785946447918,0.9390432098765432,0.03986625514403292,0.9,372.0,93.11111111111111,0.7497013142174433,3.3895526505264297
16,2,policy_active_no_novelty,0.9014084507042254,0.0027472527472527475,0.9961089494163424,0.9463955637707948,0.9493305989784864,0.9429012345679012,0.03909465020576131,0.8846153846153846,372.0,94.33333333333333,0.7464157706093191,3.377621947560556
16,5,passive_characterisation,0.9014084507042254,0.0,1.0,0.9481481481481481,0.9507042253521127,0.9537037037037037,0.037037037037037035,0.8923076923076924,76.66666666666667,10.555555555555555,0.8673421849522479,3.9271998801279513
16,5,policy_active_full,0.9154929577464789,0.0,1.0,0.9558823529411764,0.9577464788732395,0.9629629629629629,0.026234567901234566,0.9076923076923077,372.0,25.0,0.932795698924731,6.13895661723444
16,5,policy_active_no_outcome,1.0,0.0,1.0,1.0,1.0,1.0,0.016975308641975308,1.0,372.0,26.555555555555557,0.9286140979689367,5.807315410954946
16,5,policy_active_no_policy,0.8591549295774648,0.0,1.0,0.9242424242424242,0.9295774647887324,0.9259259259259259,0.030864197530864196,0.8461538461538461,372.0,45.333333333333336,0.8781362007168458,4.907230868690171
16,5,policy_active_no_boundary,0.8873239436619719,0.0,1.0,0.9402985074626865,0.943661971830986,0.9444444444444444,0.02816358024691358,0.8769230769230769,372.0,34.5,0.907258064516129,5.6485502766910045
16,5,policy_active_no_novelty,0.9154929577464789,0.0,1.0,0.9558823529411764,0.9577464788732395,0.9629629629629629,0.026234567901234566,0.9076923076923077,372.0,25.0,0.932795698924731,6.13895661723444
17,2,passive_characterisation,0.9841269841269841,0.005050505050505051,0.992,0.9880478087649401,0.9895382395382395,0.9861111111111112,0.033950617283950615,0.9824561403508771,76.66666666666667,25.555555555555557,0.6693454460750059,2.160187860859389
17,2,policy_active_full,0.9365079365079365,0.005050505050505051,0.9915966386554622,0.963265306122449,0.9657287157287158,0.9567901234567902,0.033950617283950615,0.9298245614035088,372.0,94.33333333333333,0.7464157706093191,3.377621947560556
17,2,policy_active_no_outcome,0.9365079365079365,0.020202020202020204,0.9672131147540983,0.9516129032258064,0.9581529581529582,0.9444444444444444,0.03446502057613168,0.9298245614035088,372.0,131.11111111111111,0.6475507765830346,2.714362887665484
17,2,policy_active_no_policy,0.8968253968253969,0.0,1.0,0.9456066945606695,0.9484126984126984,0.9398148148148148,0.031635802469135804,0.8947368421052632,372.0,135.0,0.6370967741935484,2.396279397240854
17,2,policy_active_no_boundary,0.9325396825396826,0.03787878787878788,0.94,0.9362549800796813,0.9473304473304474,0.9259259259259259,0.035622427983539096,0.9385964912280702,372.0,103.55555555555556,0.7216248506571087,3.150916212552754
17,2,policy_active_no_novelty,0.9365079365079365,0.005050505050505051,0.9915966386554622,0.963265306122449,0.9657287157287158,0.9567901234567902,0.033950617283950615,0.9298245614035088,372.0,94.33333333333333,0.7464157706093191,3.377621947560556
17,5,passive_characterisation,1.0,0.0,1.0,1.0,1.0,1.0,0.023148148148148147,1.0,76.66666666666667,10.222222222222221,0.8720591660843233,4.149422102350174
17,5,policy_active_full,1.0,0.0,1.0,1.0,1.0,1.0,0.020061728395061727,1.0,372.0,24.88888888888889,0.9330943847072878,6.250067728345551
17,5,policy_active_no_outcome,1.0,0.0,1.0,1.0,1.0,1.0,0.020061728395061727,1.0,372.0,26.444444444444443,0.9289127837514936,5.853430688652595
17,5,policy_active_no_policy,0.9206349206349206,0.0,1.0,0.9586776859504132,0.9603174603174602,0.9537037037037037,0.02662037037037037,0.9122807017543859,372.0,50.94444444444444,0.86305256869773,4.549635783015881
17,5,policy_active_no_boundary,0.9920634920634921,0.005050505050505051,0.9920634920634921,0.9920634920634921,0.9935064935064934,0.9907407407407407,0.024691358024691357,0.9912280701754386,372.0,23.88888888888889,0.9357825567502986,6.010896090514408
17,5,policy_active_no_novelty,1.0,0.0,1.0,1.0,1.0,1.0,0.020061728395061727,1.0,372.0,24.88888888888889,0.9330943847072878,6.250067728345551
18,2,passive_characterisation,0.967741935483871,0.0,1.0,0.9836065573770492,0.9838709677419355,0.9814814814814815,0.033179012345679014,0.9642857142857143,94.33333333333333,31.444444444444443,0.6323084090379688,2.1651205407881067
18,2,policy_active_full,0.9193548387096774,0.035,0.9421487603305785,0.9306122448979591,0.9421774193548387,0.9320987654320988,0.04063786008230452,0.9107142857142857,372.0,115.66666666666667,0.689068100358423,2.879718982034265
18,2,policy_active_no_outcome,0.9354838709677419,0.06,0.90625,0.9206349206349206,0.937741935483871,0.9197530864197531,0.04218106995884773,0.9285714285714286,372.0,155.44444444444446,0.5821385902031063,2.196255664029658
18,2,policy_active_no_policy,0.8870967741935484,0.035,0.9401709401709402,0.9128630705394192,0.9260483870967742,0.9135802469135802,0.04063786008230452,0.875,372.0,156.0,0.5806451612903226,1.9007869951700433
18,2,policy_active_no_boundary,0.9233870967741935,0.055,0.9123505976095617,0.9178356713426853,0.9341935483870967,0.9158950617283951,0.040252057613168725,0.9375,372.0,114.66666666666667,0.6917562724014338,2.803600325149129
18,2,policy_active_no_novelty,0.9193548387096774,0.035,0.9421487603305785,0.9306122448979591,0.9421774193548387,0.9320987654320988,0.04063786008230452,0.9107142857142857,372.0,115.66666666666667,0.689068100358423,2.879718982034265
18,5,passive_characterisation,1.0,0.0,1.0,1.0,1.0,1.0,0.021604938271604937,1.0,94.33333333333333,9.88888888888889,0.8832401583973912,4.635804741359256
18,5,policy_active_full,1.0,0.0,1.0,1.0,1.0,1.0,0.015432098765432098,1.0,372.0,25.333333333333332,0.931899641577061,5.9920757178025115
18,5,policy_active_no_outcome,1.0,0.06,0.9117647058823529,0.9538461538461539,0.97,0.9629629629629629,0.033950617283950615,1.0,372.0,29.27777777777778,0.9212962962962963,5.59993729923441
18,5,policy_active_no_policy,0.9354838709677419,0.0,1.0,0.9666666666666666,0.967741935483871,0.9629629629629629,0.020061728395061727,0.9285714285714286,372.0,46.44444444444444,0.8751493428912785,4.505596441566257
18,5,policy_active_no_boundary,0.9919354838709677,0.005,0.9919354838709677,0.9919354838709677,0.9934677419354838,0.9907407407407407,0.020833333333333332,0.9910714285714286,372.0,24.055555555555557,0.9353345280764634,5.904957724091712
18,5,policy_active_no_novelty,1.0,0.0,1.0,1.0,1.0,1.0,0.015432098765432098,1.0,372.0,25.333333333333332,0.931899641577061,5.9920757178025115
19,2,passive_characterisation,0.967741935483871,0.0,1.0,0.9836065573770492,0.9838709677419355,0.9814814814814815,0.02700617283950617,0.9642857142857143,94.33333333333333,31.444444444444443,0.6323084090379688,2.1651205407881067
19,2,policy_active_full,0.9193548387096774,0.0,1.0,0.9579831932773109,0.9596774193548387,0.9537037037037037,0.03343621399176954,0.9107142857142857,372.0,115.66666666666667,0.689068100358423,2.879718982034265
19,2,policy_active_no_outcome,0.9354838709677419,0.02,0.9666666666666667,0.9508196721311476,0.957741935483871,0.9444444444444444,0.03497942386831275,0.9285714285714286,372.0,155.44444444444446,0.5821385902031063,2.1962556640296587
19,2,policy_active_no_policy,0.8870967741935484,0.0,1.0,0.9401709401709402,0.9435483870967742,0.9351851851851852,0.03343621399176954,0.875,372.0,156.0,0.5806451612903226,1.9007869951700433
19,2,policy_active_no_boundary,0.9314516129032258,0.0225,0.9625,0.9467213114754097,0.9544758064516129,0.9398148148148148,0.033050411522633744,0.9553571428571429,372.0,104.33333333333333,0.7195340501792116,3.0282888873357092
19,2,policy_active_no_novelty,0.9193548387096774,0.0,1.0,0.9579831932773109,0.9596774193548387,0.9537037037037037,0.03343621399176954,0.9107142857142857,372.0,115.66666666666667,0.689068100358423,2.879718982034265
19,5,passive_characterisation,1.0,0.0,1.0,1.0,1.0,1.0,0.015432098765432098,1.0,94.33333333333333,9.88888888888889,0.8832401583973911,4.635804741359256
19,5,policy_active_full,1.0,0.0,1.0,1.0,1.0,1.0,0.015432098765432098,1.0,372.0,25.333333333333332,0.9318996415770607,5.992075717802511
19,5,policy_active_no_outcome,1.0,0.0,1.0,1.0,1.0,1.0,0.027777777777777776,1.0,372.0,28.444444444444443,0.9235364396654719,5.610361021633065
19,5,policy_active_no_policy,0.9354838709677419,0.0,1.0,0.9666666666666666,0.967741935483871,0.9629629629629629,0.020061728395061727,0.9285714285714286,372.0,46.44444444444444,0.8751493428912785,4.505596441566258
19,5,policy_active_no_boundary,0.9798387096774194,0.0025,0.9959016393442623,0.9878048780487805,0.9886693548387098,0.9861111111111112,0.018518518518518517,0.9642857142857143,372.0,29.11111111111111,0.9217443249701314,5.7100606738878055
19,5,policy_active_no_novelty,1.0,0.0,1.0,1.0,1.0,1.0,0.015432098765432098,1.0,372.0,25.333333333333332,0.9318996415770607,5.992075717802511
20,2,passive_characterisation,0.8823529411764706,0.0,1.0,0.9375,0.9411764705882353,0.9444444444444444,0.04552469135802469,0.8709677419354839,76.66666666666667,27.88888888888889,0.6253202888423014,1.9890135962635331
20,2,policy_active_full,0.8897058823529411,0.0,1.0,0.9416342412451362,0.9448529411764706,0.9382716049382716,0.038580246913580245,0.8790322580645161,372.0,115.66666666666667,0.689068100358423,2.879718982034265
20,2,policy_active_no_outcome,0.9117647058823529,0.02127659574468085,0.96875,0.9393939393939394,0.945244055068836,0.9320987654320988,0.03806584362139917,0.9032258064516129,372.0,155.44444444444446,0.5821385902031063,2.196255664029658
20,2,policy_active_no_policy,0.8602941176470589,0.0,1.0,0.924901185770751,0.9301470588235294,0.9197530864197531,0.038580246913580245,0.8467741935483871,372.0,156.0,0.5806451612903226,1.9007869951700433
20,2,policy_active_no_boundary,0.8860294117647058,0.018617021276595744,0.9717741935483871,0.9269230769230768,0.9337061952440551,0.9205246913580247,0.04038065843621399,0.8709677419354839,372.0,125.0,0.6639784946236559,2.578911762962548
20,2,policy_active_no_novelty,0.8897058823529411,0.0,1.0,0.9416342412451362,0.9448529411764706,0.9382716049382716,0.038580246913580245,0.8790322580645161,372.0,115.66666666666667,0.689068100358423,2.879718982034265
20,5,passive_characterisation,0.9117647058823529,0.0,1.0,0.9538461538461539,0.9558823529411764,0.9629629629629629,0.033950617283950615,0.9032258064516129,76.66666666666667,9.88888888888889,0.8783484742604241,4.3716443245723955
20,5,policy_active_full,0.9117647058823529,0.0,1.0,0.9538461538461539,0.9558823529411764,0.9629629629629629,0.027777777777777776,0.9032258064516129,372.0,25.333333333333332,0.931899641577061,5.9920757178025115
20,5,policy_active_no_outcome,1.0,0.0,1.0,1.0,1.0,1.0,0.021604938271604937,1.0,372.0,28.444444444444443,0.9235364396654719,5.610361021633064
20,5,policy_active_no_policy,0.8382352941176471,0.0,1.0,0.9119999999999999,0.9191176470588236,0.9166666666666666,0.033179012345679014,0.8387096774193549,372.0,56.666666666666664,0.8476702508960573,4.0809295862304795
20,5,policy_active_no_boundary,0.9080882352941176,0.0026595744680851063,0.9959677419354839,0.95,0.9527143304130163,0.9583333333333334,0.030864197530864196,0.8951612903225806,372.0,24.055555555555557,0.9353345280764636,5.946895918656349
20,5,policy_active_no_novelty,0.9117647058823529,0.0,1.0,0.9538461538461539,0.9558823529411764,0.9629629629629629,0.027777777777777776,0.9032258064516129,372.0,25.333333333333332,0.931899641577061,5.9920757178025115
21,2,passive_characterisation,0.9841269841269841,0.005050505050505051,0.992,0.9880478087649401,0.9895382395382395,0.9861111111111112,0.036265432098765434,0.9824561403508771,76.66666666666667,25.555555555555557,0.6693454460750059,2.160187860859389
21,2,policy_active_full,0.9126984126984127,0.0025252525252525255,0.9956709956709957,0.9523809523809523,0.9550865800865801,0.9459876543209876,0.035493827160493825,0.8947368421052632,372.0,115.66666666666667,0.6890681003584231,2.879718982034265
21,2,policy_active_no_outcome,0.9682539682539683,0.030303030303030304,0.953125,0.9606299212598425,0.968975468975469,0.9506172839506173,0.035493827160493825,0.9649122807017544,372.0,106.77777777777777,0.7129629629629629,3.232470111301309
21,2,policy_active_no_policy,0.873015873015873,0.0,1.0,0.9322033898305084,0.9365079365079365,0.9259259259259259,0.033950617283950615,0.8596491228070176,372.0,156.0,0.5806451612903226,1.9007869951700433
21,2,policy_active_no_boundary,0.8809523809523809,0.005050505050505051,0.9910714285714286,0.9327731092436975,0.9379509379509379,0.9266975308641975,0.03600823045267489,0.8596491228070176,372.0,156.0,0.5806451612903226,1.9048460764028057
21,2,policy_active_no_novelty,0.9126984126984127,0.0025252525252525255,0.9956709956709957,0.9523809523809523,0.9550865800865801,0.9459876543209876,0.035493827160493825,0.8947368421052632,372.0,115.66666666666667,0.6890681003584231,2.879718982034265
21,5,passive_characterisation,1.0,0.0,1.0,1.0,1.0,1.0,0.023148148148148147,1.0,76.66666666666667,9.777777777777779,0.8804449103191241,4.407414112893214
21,5,policy_active_full,1.0,0.0,1.0,1.0,1.0,1.0,0.023148148148148147,1.0,372.0,24.88888888888889,0.9330943847072879,6.250067728345551
21,5,policy_active_no_outcome,1.0,0.0,1.0,1.0,1.0,1.0,0.023148148148148147,1.0,372.0,29.77777777777778,0.9199522102747911,5.811735799057979
21,5,policy_active_no_policy,0.9047619047619048,0.0,1.0,0.9500000000000001,0.9523809523809523,0.9444444444444444,0.02854938271604938,0.8947368421052632,372.0,56.44444444444444,0.8482676224611709,4.257036530755053
21,5,policy_active_no_boundary,0.9484126984126984,0.0025252525252525255,0.9958333333333333,0.9715447154471545,0.972943722943723,0.9675925925925926,0.029320987654320986,0.9298245614035088,372.0,40.0,0.89247311827957,5.020576433132012
21,5,policy_active_no_novelty,1.0,0.0,1.0,1.0,1.0,1.0,0.023148148148148147,1.0,372.0,24.88888888888889,0.9330943847072879,6.250067728345551
22,2,passive_characterisation,0.8714285714285714,0.0,1.0,0.9312977099236641,0.9357142857142857,0.9351851851851852,0.04552469135802469,0.859375,76.66666666666667,28.555555555555557,0.6158863265781506,1.8626243158468738
22,2,policy_active_full,0.8928571428571429,0.0,1.0,0.9433962264150945,0.9464285714285714,0.941358024691358,0.0375514403292181,0.8828125,372.0,115.66666666666667,0.689068100358423,2.879718982034265
22,2,policy_active_no_outcome,0.9,0.010869565217391304,0.984375,0.9402985074626866,0.9445652173913044,0.9320987654320988,0.03806584362139917,0.890625,372.0,155.44444444444446,0.5821385902031063,2.1962556640296587
22,2,policy_active_no_policy,0.8785714285714286,0.0,1.0,0.935361216730038,0.9392857142857143,0.9320987654320988,0.0375514403292181,0.8671875,372.0,135.0,0.6370967741935485,2.396279397240854
22,2,policy_active_no_boundary,0.9107142857142857,0.019021739130434784,0.9732824427480916,0.940959409594096,0.9458462732919255,0.9351851851851852,0.03870884773662551,0.90625,372.0,103.77777777777777,0.7210274790919953,3.114689729409437
22,2,policy_active_no_novelty,0.8928571428571429,0.0,1.0,0.9433962264150945,0.9464285714285714,0.941358024691358,0.0375514403292181,0.8828125,372.0,115.66666666666667,0.689068100358423,2.879718982034265
22,5,passive_characterisation,0.9,0.0,1.0,0.9473684210526316,0.95,0.9537037037037037,0.035493827160493825,0.890625,76.66666666666667,10.222222222222221,0.8736314931283485,4.149422102350174
22,5,policy_active_full,0.9142857142857143,0.0,1.0,0.955223880597015,0.9571428571428571,0.9629629629629629,0.027777777777777776,0.90625,372.0,25.444444444444443,0.9316009557945041,5.8809646066914
22,5,policy_active_no_outcome,1.0,0.0,1.0,1.0,1.0,1.0,0.018518518518518517,1.0,372.0,27.72222222222222,0.9254778972520908,5.574669466334069
22,5,policy_active_no_policy,0.8571428571428571,0.0,1.0,0.923076923076923,0.9285714285714286,0.9259259259259259,0.030864197530864196,0.84375,372.0,56.111111111111114,0.8491636798088411,4.281746799792436
22,5,policy_active_no_boundary,0.8964285714285715,0.002717391304347826,0.996031746031746,0.943609022556391,0.9468555900621118,0.9490740740740741,0.030478395061728395,0.8671875,372.0,29.11111111111111,0.9217443249701314,5.625917719841707
22,5,policy_active_no_novelty,0.9142857142857143,0.0,1.0,0.955223880597015,0.9571428571428571,0.9629629629629629,0.027777777777777776,0.90625,372.0,25.444444444444443,0.9316009557945041,5.8809646066914
23,2,passive_characterisation,0.9841269841269841,0.005050505050505051,0.992,0.9880478087649401,0.9895382395382395,0.9861111111111112,0.036265432098765434,0.9824561403508771,76.66666666666667,25.555555555555557,0.6693454460750059,2.160187860859389
23,2,policy_active_full,0.9206349206349206,0.005050505050505051,0.9914529914529915,0.9547325102880659,0.9577922077922078,0.9475308641975309,0.035493827160493825,0.9122807017543859,372.0,115.66666666666667,0.6890681003584231,2.879718982034265
23,2,policy_active_no_outcome,0.9682539682539683,0.030303030303030304,0.953125,0.9606299212598425,0.968975468975469,0.9506172839506173,0.03549382716049382,0.9649122807017544,372.0,106.77777777777777,0.7129629629629629,3.2324701113013092
23,2,policy_active_no_policy,0.873015873015873,0.0,1.0,0.9322033898305084,0.9365079365079365,0.9259259259259259,0.033950617283950615,0.8596491228070176,372.0,156.0,0.5806451612903226,1.9007869951700433
23,2,policy_active_no_boundary,0.9206349206349206,0.020202020202020204,0.9666666666666667,0.943089430894309,0.9502164502164502,0.9351851851851852,0.035493827160493825,0.8947368421052632,372.0,114.44444444444444,0.6923536439665472,2.839826808292445
23,2,policy_active_no_novelty,0.9206349206349206,0.005050505050505051,0.9914529914529915,0.9547325102880659,0.9577922077922078,0.9475308641975309,0.035493827160493825,0.9122807017543859,372.0,115.66666666666667,0.6890681003584231,2.879718982034265
23,5,passive_characterisation,1.0,0.0,1.0,1.0,1.0,1.0,0.023148148148148147,1.0,76.66666666666667,9.777777777777779,0.8804449103191243,4.407414112893214
23,5,policy_active_full,1.0,0.0,1.0,1.0,1.0,1.0,0.023148148148148147,1.0,372.0,24.88888888888889,0.9330943847072879,6.250067728345551
23,5,policy_active_no_outcome,1.0,0.0,1.0,1.0,1.0,1.0,0.023148148148148147,1.0,372.0,28.944444444444443,0.9221923536439666,5.822159521456634
23,5,policy_active_no_policy,0.8809523809523809,0.0,1.0,0.9367088607594937,0.9404761904761905,0.9305555555555556,0.03009259259259259,0.8596491228070176,372.0,66.72222222222223,0.8206391875746714,3.7768141198637184
23,5,policy_active_no_boundary,0.9682539682539683,0.0,1.0,0.9838709677419354,0.9841269841269842,0.9814814814814815,0.02700617283950617,0.9649122807017544,372.0,34.111111111111114,0.9083034647550775,5.633340174431682
23,5,policy_active_no_novelty,1.0,0.0,1.0,1.0,1.0,1.0,0.023148148148148147,1.0,372.0,24.88888888888889,0.9330943847072879,6.250067728345551
24,2,passive_characterisation,0.8714285714285714,0.0,1.0,0.9312977099236641,0.9357142857142857,0.9351851851851852,0.047839506172839504,0.859375,76.66666666666667,28.555555555555557,0.6158863265781506,1.8626243158468738
24,2,policy_active_full,0.8785714285714286,0.0,1.0,0.935361216730038,0.9392857142857143,0.9320987654320988,0.03909465020576131,0.8671875,372.0,137.0,0.6317204301075269,2.3818160165079743
24,2,policy_active_no_outcome,0.9285714285714286,0.021739130434782608,0.9701492537313433,0.948905109489051,0.9534161490683231,0.9382716049382716,0.03909465020576131,0.921875,372.0,131.11111111111111,0.6475507765830346,2.714362887665484
24,2,policy_active_no_policy,0.8642857142857143,0.0,1.0,0.9272030651340997,0.9321428571428572,0.9228395061728395,0.03909465020576131,0.8515625,372.0,156.0,0.5806451612903226,1.9007869951700433
24,2,policy_active_no_boundary,0.8964285714285715,0.010869565217391304,0.984313725490196,0.9383177570093457,0.9427795031055901,0.9313271604938271,0.03510802469135803,0.8828125,372.0,114.44444444444444,0.6923536439665473,2.839826808292445
24,2,policy_active_no_novelty,0.8785714285714286,0.0,1.0,0.935361216730038,0.9392857142857143,0.9320987654320988,0.03909465020576131,0.8671875,372.0,137.0,0.6317204301075269,2.3818160165079743
24,5,passive_characterisation,0.9,0.0,1.0,0.9473684210526316,0.95,0.9537037037037037,0.035493827160493825,0.890625,76.66666666666667,9.777777777777779,0.8820172373631493,4.407414112893214
24,5,policy_active_full,0.9142857142857143,0.0,1.0,0.955223880597015,0.9571428571428571,0.9629629629629629,0.030864197530864196,0.90625,372.0,25.444444444444443,0.9316009557945041,5.8809646066914
24,5,policy_active_no_outcome,1.0,0.0,1.0,1.0,1.0,1.0,0.021604938271604937,1.0,372.0,27.72222222222222,0.9254778972520908,5.574669466334069
24,5,policy_active_no_policy,0.85,0.0,1.0,0.9189189189189189,0.925,0.9212962962962963,0.03279320987654321,0.828125,372.0,51.44444444444444,0.8617084826762248,4.358258847311831
24,5,policy_active_no_boundary,0.8821428571428571,0.002717391304347826,0.9959677419354839,0.9356060606060606,0.9397127329192547,0.9398148148148148,0.03279320987654321,0.84375,372.0,34.388888888888886,0.9075567502986859,5.363558496259979
24,5,policy_active_no_novelty,0.9142857142857143,0.0,1.0,0.955223880597015,0.9571428571428571,0.9629629629629629,0.030864197530864196,0.90625,372.0,25.444444444444443,0.9316009557945041,5.8809646066914
25,2,passive_characterisation,0.953125,0.0,1.0,0.976,0.9765625,0.9722222222222222,0.033179012345679014,0.9482758620689655,76.66666666666667,28.555555555555557,0.6158863265781506,1.8626243158468738
25,2,policy_active_full,0.921875,0.0,1.0,0.959349593495935,0.9609375,0.9567901234567902,0.03137860082304526,0.9137931034482759,372.0,115.66666666666667,0.6890681003584231,2.879718982034265
25,2,policy_active_no_outcome,0.921875,0.01020408163265306,0.9833333333333333,0.9516129032258064,0.9558354591836735,0.9444444444444444,0.03292181069958847,0.9137931034482759,372.0,155.44444444444446,0.5821385902031063,2.196255664029658
25,2,policy_active_no_policy,0.9140625,0.0,1.0,0.9551020408163265,0.95703125,0.9521604938271605,0.030606995884773662,0.896551724137931,372.0,135.0,0.6370967741935484,2.396279397240854
25,2,policy_active_no_boundary,0.94921875,0.017857142857142856,0.972,0.9604743083003953,0.9656808035714286,0.9537037037037037,0.030735596707818925,0.9310344827586207,372.0,103.77777777777777,0.7210274790919953,3.1146897294094376
25,2,policy_active_no_novelty,0.921875,0.0,1.0,0.959349593495935,0.9609375,0.9567901234567902,0.03137860082304526,0.9137931034482759,372.0,115.66666666666667,0.6890681003584231,2.879718982034265
25,5,passive_characterisation,0.984375,0.0,1.0,0.9921259842519685,0.9921875,0.9907407407407407,0.023148148148148147,0.9827586206896551,76.66666666666667,10.222222222222221,0.8736314931283485,4.149422102350174
25,5,policy_active_full,1.0,0.0,1.0,1.0,1.0,1.0,0.021604938271604937,1.0,372.0,25.444444444444443,0.9316009557945041,5.880964606691401
25,5,policy_active_no_outcome,1.0,0.0,1.0,1.0,1.0,1.0,0.018518518518518517,1.0,372.0,28.555555555555557,0.9232377538829152,5.564245743935416
25,5,policy_active_no_policy,0.953125,0.0,1.0,0.976,0.9765625,0.9722222222222222,0.023919753086419752,0.9482758620689655,372.0,45.888888888888886,0.8766427718040622,4.706413655128213
25,5,policy_active_no_boundary,0.99609375,0.002551020408163265,0.99609375,0.99609375,0.9967713647959184,0.9953703703703703,0.022376543209876542,1.0,372.0,23.833333333333332,0.9359318996415771,5.944189513932293
25,5,policy_active_no_novelty,1.0,0.0,1.0,1.0,1.0,1.0,0.021604938271604937,1.0,372.0,25.444444444444443,0.9316009557945041,5.880964606691401
26,2,passive_characterisation,0.953125,0.0,1.0,0.976,0.9765625,0.9722222222222222,0.033179012345679014,0.9482758620689655,76.66666666666667,28.555555555555557,0.6158863265781506,1.8626243158468738
26,2,policy_active_full,0.921875,0.0,1.0,0.959349593495935,0.9609375,0.9567901234567902,0.03137860082304526,0.9137931034482759,372.0,115.66666666666667,0.689068100358423,2.879718982034265
26,2,policy_active_no_outcome,0.921875,0.01020408163265306,0.9833333333333333,0.9516129032258064,0.9558354591836735,0.9444444444444444,0.03292181069958847,0.9137931034482759,372.0,155.44444444444446,0.5821385902031063,2.196255664029658
26,2,policy_active_no_policy,0.9140625,0.0,1.0,0.9551020408163265,0.95703125,0.9521604938271605,0.030606995884773662,0.9137931034482759,372.0,135.0,0.6370967741935484,2.396279397240854
26,2,policy_active_no_boundary,0.94140625,0.007653061224489796,0.9877049180327869,0.964,0.9668765943877551,0.9583333333333334,0.030221193415637858,0.9310344827586207,372.0,104.0,0.7204301075268817,3.078463246266121
26,2,policy_active_no_novelty,0.921875,0.0,1.0,0.959349593495935,0.9609375,0.9567901234567902,0.03137860082304526,0.9137931034482759,372.0,115.66666666666667,0.689068100358423,2.879718982034265
26,5,passive_characterisation,0.984375,0.0,1.0,0.9921259842519685,0.9921875,0.9907407407407407,0.023148148148148147,0.9827586206896551,76.66666666666667,10.222222222222221,0.8736314931283485,4.149422102350174
26,5,policy_active_full,1.0,0.0,1.0,1.0,1.0,1.0,0.021604938271604937,1.0,372.0,25.444444444444443,0.931600955794504,5.8809646066914
26,5,policy_active_no_outcome,1.0,0.0,1.0,1.0,1.0,1.0,0.018518518518518517,1.0,372.0,26.88888888888889,0.9277180406212665,5.585093188732723
26,5,policy_active_no_policy,0.953125,0.0,1.0,0.976,0.9765625,0.9722222222222222,0.023919753086419752,0.9482758620689655,372.0,45.888888888888886,0.876642771804062,4.706413655128213
26,5,policy_active_no_boundary,0.97265625,0.007653061224489796,0.9880952380952381,0.9803149606299213,0.9825015943877551,0.9768518518518519,0.02507716049382716,0.9568965517241379,372.0,29.77777777777778,0.9199522102747908,5.531278937462146
26,5,policy_active_no_novelty,1.0,0.0,1.0,1.0,1.0,1.0,0.021604938271604937,1.0,372.0,25.444444444444443,0.931600955794504,5.8809646066914
27,2,passive_characterisation,0.8985507246376812,0.005376344086021506,0.992,0.9429657794676806,0.9465871902758298,0.9490740740740741,0.04861111111111111,0.8888888888888888,76.66666666666667,25.555555555555557,0.6693454460750059,2.160187860859389
27,2,policy_active_full,0.8768115942028986,0.0,1.0,0.9343629343629344,0.9384057971014492,0.9290123456790124,0.041666666666666664,0.8650793650793651,372.0,115.66666666666667,0.689068100358423,2.879718982034265
27,2,policy_active_no_outcome,0.9420289855072463,0.03225806451612903,0.9558823529411765,0.9489051094890512,0.9548854604955587,0.9382716049382716,0.04063786008230452,0.9365079365079365,372.0,106.77777777777777,0.7129629629629629,3.2324701113013092
27,2,policy_active_no_policy,0.8478260869565217,0.0,1.0,0.9176470588235294,0.9239130434782609,0.9104938271604939,0.040123456790123455,0.8333333333333334,372.0,156.0,0.5806451612903226,1.9007869951700433
27,2,policy_active_no_boundary,0.8623188405797102,0.008064516129032258,0.9875518672199171,0.9206963249516441,0.927127162225339,0.9151234567901234,0.04076646090534979,0.8333333333333334,372.0,125.22222222222223,0.6633811230585425,2.5426852798192314
27,2,policy_active_no_novelty,0.8768115942028986,0.0,1.0,0.9343629343629344,0.9384057971014492,0.9290123456790124,0.041666666666666664,0.8650793650793651,372.0,115.66666666666667,0.689068100358423,2.879718982034265
27,5,passive_characterisation,0.9130434782608695,0.0,1.0,0.9545454545454545,0.9565217391304348,0.9629629629629629,0.035493827160493825,0.9047619047619048,76.66666666666667,9.777777777777779,0.8804449103191241,4.407414112893214
27,5,policy_active_full,0.9130434782608695,0.0,1.0,0.9545454545454545,0.9565217391304348,0.9629629629629629,0.029320987654320986,0.9047619047619048,372.0,24.88888888888889,0.9330943847072878,6.250067728345552
27,5,policy_active_no_outcome,1.0,0.0,1.0,1.0,1.0,1.0,0.023148148148148147,1.0,372.0,27.27777777777778,0.9266726403823178,5.843006966253941
27,5,policy_active_no_policy,0.8188405797101449,0.0,1.0,0.900398406374502,0.9094202898550725,0.9027777777777778,0.035493827160493825,0.8095238095238095,372.0,56.5,0.8481182795698924,4.201480975199496
27,5,policy_active_no_boundary,0.8804347826086957,0.002688172043010753,0.9959016393442623,0.9346153846153846,0.9388733052828424,0.9398148148148148,0.033950617283950615,0.8650793650793651,372.0,34.05555555555556,0.9084528076463562,5.566451646069963
27,5,policy_active_no_novelty,0.9130434782608695,0.0,1.0,0.9545454545454545,0.9565217391304348,0.9629629629629629,0.029320987654320986,0.9047619047619048,372.0,24.88888888888889,0.9330943847072878,6.250067728345552
28,2,passive_characterisation,0.9841269841269841,0.005050505050505051,0.992,0.9880478087649401,0.9895382395382395,0.9861111111111112,0.033950617283950615,0.9824561403508771,79.83333333333333,25.61111111111111,0.6721634867272885,2.2191642733691403
28,2,policy_active_full,0.9285714285714286,0.03787878787878788,0.9397590361445783,0.9341317365269461,0.9453463203463204,0.933641975308642,0.04218106995884773,0.9298245614035088,372.0,94.33333333333333,0.7464157706093191,3.377621947560556
28,2,policy_active_no_outcome,0.9365079365079365,0.06060606060606061,0.9076923076923077,0.9218749999999999,0.937950937950938,0.9197530864197531,0.04372427983539094,0.9298245614035088,372.0,131.11111111111111,0.6475507765830346,2.714362887665484
28,2,policy_active_no_policy,0.8968253968253969,0.03535353535353535,0.9416666666666667,0.9186991869918699,0.9307359307359307,0.9182098765432098,0.039866255144032914,0.8947368421052632,372.0,135.0,0.6370967741935485,2.396279397240854
28,2,policy_active_no_boundary,0.9285714285714286,0.045454545454545456,0.9285714285714286,0.9285714285714286,0.9415584415584416,0.9259259259259259,0.0426954732510288,0.8947368421052632,372.0,114.33333333333333,0.692652329749104,2.85377468407954
28,2,policy_active_no_novelty,0.9285714285714286,0.03787878787878788,0.9397590361445783,0.9341317365269461,0.9453463203463204,0.933641975308642,0.04218106995884773,0.9298245614035088,372.0,94.33333333333333,0.7464157706093191,3.377621947560556
28,5,passive_characterisation,1.0,0.0,1.0,1.0,1.0,1.0,0.023148148148148147,1.0,79.83333333333333,10.277777777777779,0.8745872482770982,4.2079258131178126
28,5,policy_active_full,1.0,0.0,1.0,1.0,1.0,1.0,0.013888888888888888,1.0,372.0,24.88888888888889,0.9330943847072879,6.250067728345551
28,5,policy_active_no_outcome,1.0,0.06060606060606061,0.9130434782608695,0.9545454545454545,0.9696969696969697,0.9629629629629629,0.032407407407407406,1.0,372.0,28.11111111111111,0.9244324970131421,5.832583243855288
28,5,policy_active_no_policy,0.9365079365079365,0.0,1.0,0.9672131147540983,0.9682539682539683,0.9629629629629629,0.019290123456790122,0.9298245614035088,372.0,45.77777777777778,0.8769414575866189,4.817524766239325
28,5,policy_active_no_boundary,0.996031746031746,0.0025252525252525255,0.996031746031746,0.996031746031746,0.9967532467532467,0.9953703703703703,0.020061728395061727,1.0,372.0,24.166666666666668,0.9350358422939069,5.858842446394063
28,5,policy_active_no_novelty,1.0,0.0,1.0,1.0,1.0,1.0,0.013888888888888888,1.0,372.0,24.88888888888889,0.9330943847072879,6.250067728345551
29,2,passive_characterisation,0.953125,0.0,1.0,0.976,0.9765625,0.9722222222222222,0.033179012345679014,0.9482758620689655,76.66666666666667,28.555555555555557,0.6158863265781506,1.8626243158468738
29,2,policy_active_full,0.921875,0.0,1.0,0.959349593495935,0.9609375,0.9567901234567902,0.03137860082304526,0.9137931034482759,372.0,115.66666666666667,0.6890681003584231,2.879718982034265
29,2,policy_active_no_outcome,0.921875,0.01020408163265306,0.9833333333333333,0.9516129032258064,0.9558354591836735,0.9444444444444444,0.03292181069958847,0.9137931034482759,372.0,155.44444444444446,0.5821385902031063,2.1962556640296587
29,2,policy_active_no_policy,0.9140625,0.0,1.0,0.9551020408163265,0.95703125,0.9521604938271605,0.030606995884773662,0.896551724137931,372.0,135.0,0.6370967741935485,2.396279397240854
29,2,policy_active_no_boundary,0.9375,0.00510204081632653,0.9917355371900827,0.963855421686747,0.9661989795918368,0.9583333333333334,0.03125,0.9137931034482759,372.0,114.33333333333333,0.692652329749104,2.8537746840795406
29,2,policy_active_no_novelty,0.921875,0.0,1.0,0.959349593495935,0.9609375,0.9567901234567902,0.03137860082304526,0.9137931034482759,372.0,115.66666666666667,0.6890681003584231,2.879718982034265
29,5,passive_characterisation,0.984375,0.0,1.0,0.9921259842519685,0.9921875,0.9907407407407407,0.023148148148148147,0.9827586206896551,76.66666666666667,10.222222222222221,0.8736314931283485,4.149422102350174
29,5,policy_active_full,1.0,0.0,1.0,1.0,1.0,1.0,0.021604938271604937,1.0,372.0,25.444444444444443,0.9316009557945041,5.880964606691399
29,5,policy_active_no_outcome,1.0,0.0,1.0,1.0,1.0,1.0,0.018518518518518517,1.0,372.0,27.72222222222222,0.9254778972520908,5.574669466334069
29,5,policy_active_no_policy,0.96875,0.0,1.0,0.9841269841269841,0.984375,0.9814814814814815,0.023148148148148147,0.9655172413793104,372.0,35.666666666666664,0.9041218637992832,5.131080510463992
29,5,policy_active_no_boundary,0.96875,0.0,1.0,0.9841269841269841,0.984375,0.9814814814814815,0.023919753086419752,0.9655172413793104,372.0,34.611111111111114,0.9069593787335724,5.404292577332486
29,5,policy_active_no_novelty,1.0,0.0,1.0,1.0,1.0,1.0,0.021604938271604937,1.0,372.0,25.444444444444443,0.9316009557945041,5.880964606691399
