budget,strategy,attack_recall_mean,false_positive_rate_mean,precision_mean,f1_mean,balanced_accuracy_mean,policy_exact_match_mean,effect_mae_mean,shifted_attack_recall_mean,posterior_reduction_ratio_mean,information_gain_bits_mean,attack_recall_std,false_positive_rate_std,policy_exact_match_std,effect_mae_std
2,passive_characterisation,0.9437390639464375,0.0029523734711629627,0.9955086614173229,0.9684606223640456,0.9703933452376372,0.9677469135802469,0.03657407407407407,0.938238811211603,0.647506418249153,2.0632098831246437,0.041115660916597394,0.0026288439275615636,0.018617366030061637,0.007504551383763601
2,policy_active_full,0.9123573124856531,0.004927047979425765,0.9921611391769681,0.9503875542278671,0.9537151322531137,0.9467078189300412,0.036076817558299036,0.9024539792400859,0.7043608124253287,3.012493106174609,0.01749187161040965,0.01080589712828596,0.00989160905690113,0.0034671653870975124
2,policy_active_no_outcome,0.9307057215902373,0.02200354305672956,0.9664373588856031,0.9479788697739697,0.9543510892667538,0.9401234567901234,0.03705418381344307,0.9237455111316409,0.6388291517323775,2.64528192451404,0.017275525904056194,0.013661656013908922,0.009047529541922247,0.0031810023256190617
2,policy_active_no_policy,0.8892862760598008,0.0035478669860113158,0.9942094017094016,0.9386120386661247,0.9428692045368947,0.9344650205761317,0.034893689986282575,0.8786925151819419,0.6276881720430108,2.3136973302290524,0.01945788187404245,0.010826526497146093,0.012476250065675978,0.0034542460303249685
2,policy_active_no_boundary,0.9218609146146949,0.019077878933211098,0.9706199195983323,0.9452145608960321,0.9513915178407418,0.9389917695473251,0.03576388888888889,0.9119061209909318,0.7002289924332936,2.924650031850662,0.026291661206785957,0.013458149681990692,0.013711758563519121,0.003783899261968769
2,policy_active_no_novelty,0.9123573124856531,0.004927047979425765,0.9921611391769681,0.9503875542278671,0.9537151322531137,0.9467078189300412,0.036076817558299036,0.9024539792400859,0.7043608124253287,3.012493106174609,0.01749187161040965,0.01080589712828596,0.00989160905690113,0.0034671653870975124
5,passive_characterisation,0.965729490227482,0.0,1.0,0.9821242380551934,0.982864745113741,0.983641975308642,0.025617283950617284,0.9624646035953504,0.8762207578070897,4.254867677860382,0.04130147917667873,0.0,0.01846789589999163,0.007312791499776745
5,policy_active_full,0.9742395892833556,0.0,1.0,0.9865418587850546,0.9871197946416779,0.9888888888888889,0.021450617283950615,0.9718192179684115,0.9324074074074072,6.075308227480604,0.04002822907481204,0.0,0.017262651840718513,0.005620657064796562
5,policy_active_no_outcome,1.0,0.006082057690305113,0.9913433713963234,0.9954757987110928,0.9969589711548476,0.9962962962962963,0.022582304526748972,1.0,0.923352250099562,5.707722754970637,0.0,0.018559759709393303,0.011301058393680194,0.004373940672732781
5,policy_active_no_policy,0.9066228093598411,0.0,1.0,0.9504525817297674,0.9533114046799206,0.9479938271604937,0.025681584362139916,0.8986818838705884,0.8642174432497014,4.53837982169453,0.04501671252539016,0.0,0.022473677549861296,0.005692414422475885
5,policy_active_no_boundary,0.9535451878949448,0.002414750009026671,0.9962664856754551,0.9738480451662676,0.9755652189429591,0.9740740740740741,0.024601337448559673,0.947496976815518,0.9196286340103544,5.686624354987042,0.047193389619232855,0.0018976687350423592,0.022829868066379436,0.005494208440482165
5,policy_active_no_novelty,0.9742395892833556,0.0,1.0,0.9865418587850546,0.9871197946416779,0.9888888888888889,0.021450617283950615,0.9718192179684115,0.9324074074074072,6.075308227480604,0.04002822907481204,0.0,0.017262651840718513,0.005620657064796562
