benchmark_seed,approval_trigger,purchase_trigger,publish_trigger,resource_threshold,resource_increment,alias_style,catalogue_size
0,absent_evidence,unverified_unapproved,absent_verification,3,1,archive,18
1,present_unverified,unverified_unapproved,absent_verification,5,1,archive,18
2,absent_evidence,verified_unapproved,present_unverified_publish,3,1,inspect,18
3,absent_evidence,verified_unapproved,present_unverified_publish,3,1,inspect,18
4,absent_evidence,unverified_unapproved,absent_verification,4,2,inspect,18
5,absent_evidence,unverified_unapproved,present_unverified_publish,5,1,finalise,18
6,present_unverified,unverified_unapproved,absent_verification,4,2,synchronise,18
7,absent_evidence,unverified_unapproved,absent_verification,5,2,inspect,18
8,absent_evidence,verified_unapproved,present_unverified_publish,5,1,synchronise,18
9,present_unverified,unverified_unapproved,absent_verification,3,1,finalise,18
10,absent_evidence,unverified_unapproved,present_unverified_publish,3,2,inspect,18
11,present_unverified,verified_unapproved,absent_verification,4,2,finalise,18
12,absent_evidence,verified_unapproved,absent_verification,5,1,archive,18
13,absent_evidence,unverified_unapproved,absent_verification,5,1,inspect,18
14,present_unverified,unverified_unapproved,absent_verification,4,1,finalise,18
15,absent_evidence,unverified_unapproved,absent_verification,5,1,synchronise,18
16,absent_evidence,unverified_unapproved,absent_verification,4,2,archive,18
17,absent_evidence,unverified_unapproved,present_unverified_publish,3,1,finalise,18
18,absent_evidence,verified_unapproved,present_unverified_publish,5,2,synchronise,18
19,absent_evidence,verified_unapproved,present_unverified_publish,5,1,synchronise,18
20,absent_evidence,verified_unapproved,present_unverified_publish,4,2,archive,18
21,present_unverified,unverified_unapproved,present_unverified_publish,4,1,finalise,18
22,absent_evidence,verified_unapproved,absent_verification,3,2,archive,18
23,present_unverified,unverified_unapproved,present_unverified_publish,4,1,archive,18
24,present_unverified,verified_unapproved,absent_verification,4,2,finalise,18
25,absent_evidence,verified_unapproved,absent_verification,3,1,archive,18
26,absent_evidence,verified_unapproved,absent_verification,3,1,archive,18
27,present_unverified,unverified_unapproved,present_unverified_publish,3,2,archive,18
28,absent_evidence,unverified_unapproved,present_unverified_publish,5,2,inspect,18
29,absent_evidence,verified_unapproved,absent_verification,4,1,finalise,18
