budget,metric,n_benchmarks,active_mean,passive_mean,mean_difference_active_minus_passive,ci95_low,ci95_high,sign_flip_pvalue
1,attack_recall,30,0.8777078563312928,0.8723411040986586,0.00536675223263422,0.0023984486629924436,0.008361189444138543,0.0042997850107494625
1,false_positive_rate,30,0.004877012743405226,0.0036099173912583294,0.001267095352146897,0.0,0.0029379707730223165,0.2510874456277186
1,balanced_accuracy,30,0.9364154217939439,0.9343655933537001,0.002049828440243658,0.0003387590092316036,0.0038465439504103203,0.037798110094495276
1,policy_exact_match,30,0.925462962962963,0.9239197530864198,0.0015432098765432352,7.401486830834377e-18,0.003086419753086463,0.04114794260286986
1,effect_mae,30,0.0406207133058984,0.04002057613168718,0.0006001371742112269,-2.4124221139250735e-17,0.0012431412894375606,0.10494475276236188
1,shifted_attack_recall,30,0.865476784540638,0.8596057882840569,0.005870996256580944,0.0026251526251526306,0.009148175226804278,0.0042997850107494625
2,attack_recall,30,0.9123573124856531,0.9437390639464373,-0.031381751460784334,-0.040524865337389394,-0.021753707145243856,4.999750012499375e-05
2,false_positive_rate,30,0.004927047979425743,0.0029523734711629362,0.001974674508262807,-0.0013861038270748904,0.00600879320429536,0.26748662566871656
2,balanced_accuracy,30,0.9537151322531137,0.9703933452376373,-0.01667821298452361,-0.022088686267068995,-0.011229551214422435,4.999750012499375e-05
2,policy_exact_match,30,0.9467078189300413,0.9677469135802468,-0.021039094650205828,-0.026440329218107062,-0.01579218106995893,4.999750012499375e-05
2,effect_mae,30,0.036076817558298994,0.03657407407407402,-0.0004972565157750296,-0.002469135802469132,0.00153463648834019,0.6465676716164191
2,shifted_attack_recall,30,0.9024539792400861,0.938238811211603,-0.03578483197151718,-0.046196958452296176,-0.024880703878682006,4.999750012499375e-05
3,attack_recall,30,0.9643143275411797,0.965729490227482,-0.0014151626863022774,-0.01024955442385179,0.007820299386265715,0.75981200939953
3,false_positive_rate,30,0.005124711733501353,0.0,0.005124711733501353,0.001763507317748493,0.00916245679982466,0.0005499725013749313
3,balanced_accuracy,30,0.9795948079038392,0.9828647451137409,-0.0032699372099018074,-0.008338070527469318,0.001956126456323002,0.23063846807659616
3,policy_exact_match,30,0.9768518518518519,0.9836419753086418,-0.006790123456790069,-0.011728395061728321,-0.0017489711934155939,0.014499275036248187
3,effect_mae,30,0.02641460905349789,0.02782921810699583,-0.0014146090534979477,-0.0038237311385459576,0.0009130658436213889,0.25723713814309285
3,shifted_attack_recall,30,0.9602597036598424,0.9624646035953502,-0.002204899935507902,-0.011744416397238056,0.007651804357327151,0.6583670816459177
5,attack_recall,30,0.9742395892833556,0.965729490227482,0.008510099055873658,0.005900015074420869,0.011040285785224096,4.999750012499375e-05
5,false_positive_rate,30,0.0,0.0,0.0,0.0,0.0,1.0
5,balanced_accuracy,30,0.9871197946416779,0.9828647451137409,0.004255049527936827,0.002950007537210442,0.005520142892612045,4.999750012499375e-05
5,policy_exact_match,30,0.9888888888888888,0.9836419753086418,0.005246913580246874,0.0037037037037036757,0.006790123456790072,4.999750012499375e-05
5,effect_mae,30,0.021450617283950552,0.025617283950617246,-0.0041666666666666935,-0.005452674897119372,-0.002932098765432123,4.999750012499375e-05
5,shifted_attack_recall,30,0.9718192179684115,0.9624646035953502,0.00935461437306115,0.006474105032107459,0.012138904772475178,4.999750012499375e-05
